Name,Category,Question,Correct Answer
expert_factor,expert facts,How would you approach a customer to influence them to invest?,"Involve the customers in the decision-making process by using sensory techniques, such as allowing them to touch or handle your product, which gives them a sense of ownership ."
expert_factor,expert facts,How long does it take to become a real estate agent?,Becoming a real estate agent generally takes about 1-3 months according to the laws in the state where the student wishes to work .
expert_factor,expert facts,What is the role of Total Quality Management in supply chain?,"Encouraging employee involvement and investing in training programs can help organizations develop a quality-driven culture, where every individual is responsible for maintaining and improving supply chain pr\ocesses ."
expert_factor,expert facts,Will employees understand that Artificial Intelligence is not here to destroy but assist with providing better quality and  quicker service?,"By highlighting the benefits of AI, such as increased efficiency, reduced human error, and enabling employees to focus on higher-value tasks, companies can help workers see AI as a tool for enhancing their work rather than replacing it  ."
expert_factor,expert facts,Are incentives aligned with business goals?,Incentives in the field of business are generally designed to align with business goals and encourage employees to act in the best interests of the organization .
expert_factor,expert facts,What is the meaning of justice in Plato's Republic?,"This statement entails the idea that, in order to be just, one must perform the tasks that are assigned to them by nature ."
expert_factor,expert facts,"In what ways does the use of an unreliable third-person omniscient narrator in a work of literature challenge the reader's assumptions about narrative authority and trustworthiness, and how might this affect the reader's interpretation of the story's events and themes?","This challenges the reader to critically assess the motives and perspectives of the characters, and to consider alternative interpretations of the events."
expert_factor,expert facts,Can you find me some bibliography about the work of Eros Alesi?,"A research on the web provides Eros Alesi's biography, an overview of his literary works, and information about his awards and recognitions ."
expert_factor,expert facts,Do you think Ezra Pound was a queer person?,"While some scholars have explored potential queer themes or elements in his work , no concrete evidence or explicit statements have been found to confirm that he identified as queer or participated in queer relationships."
expert_factor,expert facts,An aircraft experiences a rejected take off. What should the next steps of the cabin crew be after the aircraft comes to a complete stop?,"The crew should also check the area outside of the aircraft to see if it is free of smoke, fire, or any potential obstacles ."
expert_factor,expert facts,"During a flight, there is a disruptive passenger that is drunk and threats to harm the cabin crew and other passengers. Although he seems to be harmless, panic is created in the aircraft and people are afraid for their safety. How should the crew behave until the aircraft is landed?","According to some sources  , some possible ways to deal with a disruptive passenger on a flight are:  - Respond in a calm, quiet manner and try to de-escalate the situation by talking to the passenger and offering a soft drink or a snack."
expert_factor,expert facts,"With blood having different types of cells, why do you think blood is red?","When oxygen is released in the tissues, deoxyhemoglobin is formed, giving blood a darker red color   It is the interaction between the iron in hemoglobin and oxygen that produces the characteristic red color of blood ."
expert_factor,expert facts,Do you think metformin causes a vitamin B deficiency?,"Long-term use of metformin can lead to a decrease in vitamin B12 absorption, potentially resulting in deficiency symptoms such as anemia, peripheral neuropathy, and cognitive dysfunction ."
expert_factor,expert facts,"A middle-aged woman starts experiencing a persistent dry cough, fatigue, and shortness of breath. Over time, she also develops skin rashes, swollen lymph nodes, and joint pain. What differential diagnosis could you propose?","Based on your symptoms, some possible differential diagnoses are:  - Sarcoidosis  , a condition that causes inflammation in various organs, especially the lungs and skin."
expert_factor,expert facts,Describe the pharmacokynetic differences of lansoprazole and omeprazole and make an argument for which one would be better for an elderly female patient with liver issues.,"Therefore, neither drug may be ideal for an elderly female patient with liver issues, as they may accumulate in the body and cause adverse effects."
expert_factor,expert facts,How do bacterial infection predispose one to cancers?,"According to some sources , bacterial infections can cause cancer by two main mechanisms: induction of chronic inflammation and production of carcinogenic bacterial metabolites."
expert_factor,expert facts,A family walks in a hospital with different symptoms claiming to suspect TB because of living conditions. What is the first response as the medical team?,"Next, order diagnostic tests to confirm or rule out TB, such as skin test, blood test, sputum culture test, or chest X-ray ."
expert_factor,expert facts,How can we determine which artery is blocked in an AMI using an EKG?,"However, diagnosing an AMI using an ECG can be challenging as it may be difficult to differentiate between new and old changes in the ECG, important to learn how the changes in the ST segment present during an AIM For the purpose of determining the blocked artery in an AMI, it is assumed that all changes in the ECG are new and representative of the ongoing infarction ."
expert_factor,expert facts,"If a doctor walking down the street sees a person collapse on the ground, what should he do?","If a doctor walking down the street sees a person collapse, they should first ensure their own safety and that of the surrounding area ."
expert_factor,expert facts,What sign is observed in the barium esophagram in patients with achalasia?,"In patients with achalasia, the barium esophagram often shows a ""bird's beak"" sign, which is characterized by a tapering of the distal esophagus with proximal dilation  ."
expert_factor,expert facts,How does automation in laboratories affect the final diagnosis produces?,"In the context of autoimmune disease diagnoses, technological advancements and automation have driven market growth, although the slow turnaround time of diagnosis and high frequency of false positives remain challenges ."
expert_factor,expert facts,"Motor symptoms in Parkinson's disease predominate and define this entity. However, the symptoms in other spheres are sometimes very relevant and are called by the general name of ""Non-motor manifestations of Parkinson's disease"". Which of the following is considered a non-motor symptom of Parkinson's disease?","Non-motor behavior symptoms in Parkinson's disease, such as emotional states including anxiety and depression, have a significant impact on the health-related quality of life in patients  and can greatly affect both patients and their caregivers ."
expert_factor,expert facts,What is an EHCP?,"The EHCP process begins with an assessment, through which the local authority evaluates the needs, identifies appropriate support, and resources ."
expert_factor,expert facts,Can you provide me a list of inclusion criteria in a superiority clinical trial to study a new biphosphonate?,A superiority clinical trial is a type of trial that aims to show that a new treatment is better than an existing one.
expert_factor,expert facts,"In a hypercholesterolemic patient who has suffered an acute myocardial infarction, what is the target for LDL cholesterol?","In a hypercholesterolemic patient who has suffered an acute myocardial infarction, the target for low-density lipoprotein (LDL) cholesterol is less than 70 mg/dL (1.8 mmol/L) according to the American College of Cardiology (ACC) and American Heart Association (AHA) guidelines ."
expert_factor,expert facts,What are the possible areas of brain injury in a patient that has difficulty identifying a keychain visually?,"According to the web sources, the phenomenon that can cause difficulty identifying a keychain visually is agnosia, which is a disorder of sensory perception that can affect different modalities, such as vision, hearing, or touch."
expert_factor,expert facts,What should be the first response to an epilectic seizure?,"After the seizure stops, stay with the person until they fully regain consciousness, and calmly reassure them about what happened ."
expert_factor,expert facts,What is the best diet for general longevity?,"Studies have shown that following such a diet can lead to lower risks of chronic diseases like heart disease, stroke, diabetes, and certain types of cancer, as well as promoting a longer life  ."
expert_factor,expert facts,"If a new pandemic arises, do you think that medical technologies and clinical research could have a new therapy against this ""hypothetical"" pandemic on-time?","However, it is essential to consider the time required for preclinical and clinical trials, regulatory approvals, and large-scale manufacturing of the therapy, which can be challenging to expedite ."
expert_factor,expert facts,When does a chronic lympocytic leukemia transform to a diffuse large b cell lymphoma?,"According to my search results, chronic lymphocytic leukemia (CLL) may transform to a more aggressive form of cancer called diffuse large B-cell lymphoma (DLBCL) or Richter's syndrome  ."
expert_factor,expert facts,What are the ethical implications of increased non-invasive pre-natal testing?,"The ethical implications of increased non-invasive prenatal testing (NIPT) include the routinization of testing, potential pressure to test and/or terminate affected pregnancies, and possible threats to reproductive freedom ."
expert_factor,expert facts,Do toxic chemicals become more or less toxic when they expire?,It is essential to handle expired chemicals with caution and follow proper storage and disposal guidelines to minimize health risks .
expert_factor,expert facts,Do cavities have a genetic cause?,"Cavities, also known as dental caries, can be influenced by genetic factors, but they are not solely caused by genetics ."
expert_factor,expert facts,What is the evidence base for CBT for depression?,"Fewer than 20% of people seeking help for depression and anxiety disorders receive cognitive-behavioral therapy (CBT), indicating the need for better access to this established evidence-based therapy ."
expert_factor,expert facts,How can one effectively manage a clinic and also ensure top notch patient care?,"-  Using technology to automate tasks, communicate between settings, and give patients access to their records and care plans ."
expert_factor,expert facts,"During a squat, if the knees fall inwards which muscle are weak?","During a squat, if the knees fall inwards, it generally indicates weak hip abductor muscles, specifically the gluteus medius and gluteus minimus, as well as weak external rotators ."
expert_factor,expert facts,"When providing intrapartum care, a midwife can prescribe appropriate pain relief. True or false?","A midwife cannot prescribe pain relief when providing intrapartum care, however they can administer analgesia providing a prescription is completed by an Obstetrician."
expert_factor,expert facts,Do you need a specialist portfolio to become BMS band 6 if you have master’s degree in Biomedical Science?,"the evidence applies to nurse and not biomedical scientist Therefore, it is advisable to consult with the relevant job description and person specification for the specific position you are interested in ."
expert_factor,expert facts,Where can I get detailed protocols for microRNA analysis?,https://academic.oup.com/clinchem/article/57/6/833/5621214 Small RNA sequencing (sRNA-Seq) is a next-generation sequencing-based technology that is currently considered the most powerful and versatile tool for miRNA profiling.
expert_factor,expert facts,How does cannabis affect our desire for food?,"Cannabis is known to increase appetite, commonly referred to as ""the munchies,"" and its effect on food desire is primarily due to the presence of delta-9-tetrahydrocannabinol (THC) ."
expert_factor,expert facts,Where can I find information on the nesting preferences of oecophylla smaragdina?,"It mentions that each colony showed a circannual rhythm related to the size of the central territory, which is primarily the nesting trees, and the secondary territory, that is the ground area."
expert_factor,expert facts,I found out it is difficult to identify squid species using the Cytochrome c oxidase I gene. What is the reason for this?,"Factors contributing to this low divergence include recent speciation events, rapid morphological evolution, and weak genetic isolation among species, which lead to a lack of differentiation in mitochondrial DNA sequences such as the COI gene  ."
expert_factor,expert facts,What are the main factors that drive algal blooms in the oceans?,"Furthermore, studies have linked the development of bloom toxicity to genetic factors, as some genes are turned on in certain oceanic conditions, leading to toxin production ."
expert_factor,expert facts,Where can I find information on the ornithophilous flora of Macaronesia?,Information on the general flora of Macaronesia can be found in the IUCN Red List assessment of the Cape Verde endemic flora and the description of Macaronesia's endemic flora in Tenerife .
expert_factor,expert facts,What are the properties in a protein that may elicit its formation in inclusion bodies when expressed in an heterologous system?,"This is often due to their susceptibility to aggregate within the cell, either from non-covalent hydrophobic or ionic interactions, or a combination of both ."
expert_factor,expert facts,"I would like to perform an animal experiment which will include 4 experiment groups with 20 mice in each group, but I can only get about 30 mice for each round of breeding, how do I distribute the mice to avoid batch or litter effects?","By randomly assigning mice from each litter to different experimental groups, you minimize the litter effect on the results and ensure a more accurate representation of the entire population ."
expert_factor,expert facts,Can you summarize the current economic policies and strategies of the top five global superpowers and their potential impact on the global market?,"For USA, some of the key policy components include   : - Trade rules-setting, liberalization, and enforcement - Export promotion and controls - Fiscal policy and monetary policy - Innovation and productivity enhancement - Investment and debt reduction - Economic efficiency and tax reform  These policies aim to promote economic growth, competitiveness, and stability in the US and globally."
expert_factor,expert facts,"If a client came to you saying he lost a lot of money because of you, how would you react/advise them?",I would then try to understand the specifics of their financial situation and the reasons behind their claim that they lost money due to my advice or actions .
expert_factor,expert facts,Imagine that the EU wants to harmonize tax rates in all EU countries. How will this decision affect the average person?,"According to some sources , harmonizing tax rates in the EU could have different impacts depending on the type of tax and the method of harmonization."
expert_factor,expert facts,How is the impact of education on poverty measured?,"By examining the relationship between education attainment and income distribution, researchers can identify the extent to which education helps reduce income disparities and, consequently, poverty ."
expert_factor,expert facts,How can developing countries grow faster?,"As these nations already have access to the technological know-how advanced economies possess, they can experience rapid rates of growth by adopting existing technologies and practices ."
expert_factor,expert facts,How do differences in regulatory environments affect patterns of international trade?,Technical Barriers to Trade (TBT) and Sanitary and Phytosanitary Measures (SPS): Varying product standards and safety regulations can create trade barriers and increase costs.
expert_factor,expert facts,What is the purpose of a buttress in architecture?,A buttress is an exterior support that projects from a wall to strengthen it or to resist the sideways force created by the load on an arch or a roof  .
expert_factor,expert facts,"How do bridge architects balance function and aesthetics? How important is it that bridges are not only solid and safe, but also an attractive feature of the landscape?","In summary, while safety and serviceability will always be paramount in bridge design, the aesthetic aspect is also crucial to create structures that contribute positively to landscape and city appearances  ."
expert_factor,expert facts,How would you build a shelter for the refugees of war?,- The cash and in-kind assistance provided by UNHCR to Ukrainians who have been displaced by the ongoing war in Ukraine.
expert_factor,expert facts,"As an architectural designer and construction professional in Mexico, what are some key factors or considerations unique to the local context that influence the design and construction process?","In conclusion, as an architectural designer and construction professional in Mexico, embracing the country's rich cultural past, addressing contemporary socio-political agendas, and drawing inspiration from traditional building techniques are key factors that influence the design and construction process in Mexico  ."
expert_factor,expert facts,What is the difference between modern and contemporary architecture?,"Modern architecture emerged as a response to traditional, heavily ornamented designs and is characterized by clean lines, simple forms, open floor plans, and minimal ornamentation ."
expert_factor,expert facts,What might cause lack of youth participation and political disengagement in electoral democracy?,"According to some sources  , some possible causes of lack of youth participation and political disengagement in electoral democracy are:  - Low levels of political interest and trust in established institutions and parties  ."
expert_factor,expert facts,"What is the most efficient searching algorithm you can use, while programming in C++?","It operates by repeatedly dividing the search interval in half which results in a logarithmic (O(log n)) time complexity, much faster than linear search algorithms (O(n)) ."
expert_factor,expert facts,How long does it take for a construction project to finish if a shopping center is being build?,The time it takes to build a shopping center from the initial concept to space leasing can range from 2 to 5 years or longer .
expert_factor,expert facts,"There is a racing game of futuristic cars, the players need to race each other in the tracks, and key element of the game is that they can hit each other with their own car to damage their enemies. If one's car breaks, they are out of the race. How do you prevent players from camping in a static position to destroy the other cars instead of them racing through the track?","To prevent players from camping in a static position and focusing on destroying other cars instead of racing, the game designers can implement several features and penalties."
expert_factor,expert facts,When does satellite communication become an economically viable solution in comparison to fibre optic cable?,"Lastly, satellite communication is more economically viable in areas where laying fiber optic infrastructure would be logistically difficult or financially unfeasible, especially in rural or remote areas ."
expert_factor,expert facts,How can I calculate the amount of asphalt that I need for a road with specific dimensions?,Calculate the weight of the asphalt needed by multiplying the volume by the density: Weight of asphalt = volume × density.
expert_factor,expert facts,What is the role of DataOps in 2023 with emerging cloud based technologies?,"This role is anticipated to be the most sought-after and well-paid position in the data analytics field in 2023, similar to the prominence of the DevOps Engineer position in the software sector."
expert_factor,expert facts,"Annual shutdown of plant A is 10 hours. Can you derive the MTTR of the plant, based on plants average specs available online?","However, this approach would be an approximation, and it is strongly recommended to obtain plant-specific failure data for accurate MTTR calculation ."
expert_factor,expert facts,What textile finishing operations should I do to finish a yarn dyed flannel?,"Desizing is a critical step as it prepares the fabric for further processing, such as dyeing, printing, or additional finishing operations."
expert_factor,expert facts,"I would like to make sure that certain type of data specific to the company which I am working for does not leave the organization, what should I create to identify the data and prevent it from leaving the organization?","Firstly, you should identify and classify the sensitive data by creating a data inventory and determining the data types and categories that are most critical ."
expert_factor,expert facts,How can you measure the effects of pressure and temperature while doing chemical balance research?,"Furthermore, for reactions with gases involved, Le Chatelier's Principle can be applied to understand and quantify how a change in pressure or temperature affects the equilibrium of a chemical reaction  ."
expert_factor,expert facts,While doing chemical balance reactions problems. In what states of matter the participant compunds must be to affect the equlibrium constant?,Pure liquids and solids do not affect the equilibrium constant because their activities are defined as one and have no impact on the physical equilibrium .
expert_factor,expert facts,How do you envision the future of sustainable chemistry and its potential impact on addressing global environmental challenges?,Another aspect of sustainable chemistry is to apply the principles of green chemistry to design safer and more efficient chemical processes and products that minimize waste and environmental impact .
expert_factor,expert facts,"Highlight the basic principles of surface analysis, and give at least two limitations one can come across while using techniques from this field.","The emitted or scattered particles from the surface are then detected, and their energy, angle, or mass can provide information about the chemical composition, structure, and spatial distribution of the species present on the surface ."
expert_factor,expert facts,"Is there a method for the synthesis of aldehydes by reduction which doesn't require very low temperatures or overly dangerous reagents, but has a high yield?","Yes, there is a method for the synthesis of aldehydes by reduction which does not require very low temperatures or overly dangerous reagents and has a high yield."
expert_factor,expert facts,How can one determine the product formed after catalysis on an NMR without using standards?,"One can determine the product formed after catalysis on an NMR without using standards by analyzing the changes in the NMR signals for specific nuclei, such as proton (1H) and carbon-13 (13C) ."
expert_factor,expert facts,Detailed documentation and guidelines are what characterizes quality management. When does the documentation become excessive and start to detract from the quality itself?,"Documentation becomes excessive and starts to detract from quality itself when it creates unnecessary complexity, hinders productivity, and reduces flexibility in the system  ."
expert_factor,expert facts,Where can I find resources related to high school dropout in Langa due to gangsterism and substance abuse?,"Western Cape Department of Education: They may have access to local data and research on high school dropout rates, gangsterism, and substance abuse in the Langa community and the Western Cape region ."
expert_factor,expert facts,Why do we use ain't as a negative?,"Ain't is used as a negative in English because it functions as a contracted form of various negations in the language, such as ""am not,"" ""is not,"" ""are not,"" ""has not,"" and ""have not"" ."
expert_factor,expert facts,Can autism be cured?,"Some studies have suggested that a small percentage of people with autism may live healthy normal lives with no signs of autism after years of development, but this is rare and not well understood."
expert_factor,expert facts,What are the different types of jumping techniques in the high jump?,"According to my search results, there are two main techniques in the high jump sport: the Fosbury style and the ventral roller style."
expert_factor,expert facts,How would you deal with unruly students?,"Here are some common ones:  - Define, justify, and enforce expectations for all students and be explicit about what good behavior entails."
expert_factor,expert facts,What is the abc contingency?,"The ABC Contingency, also known as the Antecedent-Behavior-Consequence model, is a behavioral analysis framework used in the field of education and psychology to understand and manage individual behaviors, typically in a classroom setting ."
expert_factor,expert facts,Which year does the homonin date?,"The term ""hominin"" refers to a group of extinct human species and their close relatives, which emerged around 6-7 million years ago, include the sahelanthropus tchadensis, early hominin which dated about 6-7 millions of years."
expert_factor,expert facts,"If an employee can request reimbursement of travel expenses based on mileage, what are the conditions?","Employers can choose to provide a monthly mileage allowance or use the IRS's standard rate for reimbursement, which is considered tax-free for both the employer and employee ."
expert_factor,expert facts,The client published a paper disclosing their invention. They want patent protection in the US and Europe. Is that still possible?,"In the United States, it is possible to obtain patent protection for an invention even if the inventor has published a paper disclosing the invention, as long as a patent application is filed within one year of the publication date."
expert_factor,expert facts,"I live in Portugal, but I work in France 3 days a week, 48 weeks a year. Where should I pay personal income tax and social security?","Social security contributions: EU regulations state that cross-border workers are generally subject to the social security system of the country where they work – in your case, France ."
expert_factor,expert facts,What is the role of causation in a delict?,"In summary, in the context of a delict, causation plays a critical role in determining whether an individual should be held responsible for causing harm to others by examining both factual and legal causation elements."
expert_factor,expert facts,What impact will the public law outline relaunch have on LA funding of specialist work or therapy?,"One possible consequence is that LAs may opt to allocate additional funds towards early intervention, including specialist work and therapy to support children and families at risk or facing challenges, before they enter the court system ."
expert_factor,expert facts,How are childhood experiences related to the development of psychopathology?,"However, understanding the role and impact of childhood experiences is crucial for early intervention, prevention, and treatment strategies in mental health ."
expert_factor,expert facts,What is the impact of an unsupervised pregnancy on young people's adolescence?,"Additionally, becoming a parent at a young age may lead to the cycle of poverty, as young parents may lack the financial and social resources required to raise a child adequately ."
expert_factor,expert facts,What therapeutic factors are most important to clients?,"Additional factors leading to change, forming the remaining 30%, include hope development and the use of appropriate therapeutic techniques or strategies."
expert_factor,expert facts,What is the best way to provide therapuetic support to a child whose parents have experienced a recent miscarriage?,Encouraging open discussion and allowing the child to ask questions can also facilitate better understanding and emotional processing in relation to the miscarriage .
expert_factor,expert facts,"As language is any means of communication, how is it that we fail to understand most verbal languages yet can understand most non verbal communications?","On the other hand, non-verbal communication tends to be more universal, as it relies on shared human experiences and innate expressions (e.g., facial expressions reflecting emotions such as happiness or sadness) that are often easier to understand across different cultures and linguistic backgrounds ."
expert_factor,expert facts,Is there a distinction between present and future tense in Chinese?,"Instead, Chinese speakers use adverbs, time phrases (such as 以后 yǐhòu, meaning ""later"" or ""in the future""), and aspect markers (such as 了 le, indicating completion) to express the intended tense ."
expert_factor,expert facts,Imagine you’re reading an article from a newspaper. What are the methods you would use to translate it?,"When translating, try to understand key parts of the text and check your understanding with available resources, such as dictionaries or language learning apps."
expert_factor,expert facts,What is blanching?,"Blanching can also be used to remove the skin from tomatoes, peaches, or almonds, or to partially cook vegetables before freezing or using them in other dishes ."
expert_factor,expert facts,What relationship do the mexican molletes have to the independence movement?,"As a result, Mexican molletes represent the culinary heritage of the country and are part of the broader cultural context of Mexican independence and identity ."
expert_factor,expert facts,When is it appropiate to use a biological treatment for wastewater?,This process is widely used for domestic and industrial wastewater treatment because it can effectively degrade pollutants through the activity of microorganisms .
expert_factor,expert facts,"In a world with only salt water, how could we solve the shortage of water?","One possible way to solve the shortage of water in a world with only salt water is to use desalination, which is the process of getting salt out of saltwater so that it’s drinkable and usable on land."
expert_factor,expert facts,What is the minimum distance between wind turbines from different wind parks?,"For instance, in Germany, the minimum distance between wind turbines is generally 1,000 meters (0.62 miles), while in Scotland, it is typically 2 kilometers (1.24 miles)  ."
expert_factor,expert facts,What happens when magma rapidly cools from the surface?,"Rapid cooling of magma prevents the growth of large mineral crystals, resulting in a fine-grained texture (such as basalt and andesite) or even a glassy texture (like obsidian) ."
expert_factor,expert facts,Would it be dangerous for a human being to contact directly with imidazolium based ionic liquids in a context of occupational exposure?,"Due to their more or less hydrophobic properties, they may penetrate the skin rapidly, which could eventually lead to cellular damage, inflammation, and even necrosis ."
expert_factor,expert facts,"If there was another global pandemic, how would that impact the environment and climate change?","However, based on the context provided, we can surmise that pandemics may become more frequent and more severely impactful in the future unless climate changes are mitigated ."
expert_factor,expert facts,How was the participation of the imperialist colonies in the first world war?,"This exploitation created resentment among the colonized peoples, who had been led to believe through propaganda that they were inferior to the Europeans ."
expert_factor,expert facts,Evaluate the success of Ayub Khan's Basic Democracy reforms.,"Secondly, the system lacked adequate resources, training, and support for the elected representatives; consequently, many of them were unable to fulfill their roles effectively ."
expert_factor,expert facts,"Of all the historical personas, if you had the chance to take an interview with someone who would be and why?","Gaining firsthand knowledge from Leonardo about his thought processes, creative inspirations, and his perspective on the world at his time would provide invaluable historical understanding about the Renaissance, as well as potentially offer applicable wisdom for today's scientific and artistic endeavors ."
expert_factor,expert facts,Is it correct that we refer to the Christian expansion of the Iberian peninsula as reconquest?,"The Reconquista concluded with the capture of Granada by the Catholic Monarchs, Ferdinand II of Aragon and Isabella I of Castile, in January 1492 ."
expert_factor,expert facts,Why is the Mycenaean civilization considered part of the so-called sea peoples?,"The Mycenaean civilization is considered part of the so-called Sea Peoples due to their extensive maritime activity, powerful navy, and their potential role in the mysterious collapse of various civilizations around the Mediterranean between 1200-1150 BC ."
expert_factor,expert facts,What are the best materials to be used as moderator in a molten salt reactor?,"Light elements like lithium, specifically lithium-7, and beryllium are also used as they have low neutron absorption cross-sections and can efficiently slow down neutrons without significant neutron capture  ."
expert_factor,expert facts,What is dark matter?,"Its presence is notable but the specifics of what it is composed of and its state are still largely unknown, hence making it a scientific mystery ."
expert_factor,expert facts,Why does the amplitude of the CMB temperature fluctuations imply a dark matter component in the universe?,"The amplitude of the Cosmic Microwave Background (CMB) temperature fluctuations implies a dark matter component in the universe because it provides evidence for the density fluctuations in the early universe, which are essential for the formation of large scale structures such as galaxies and galaxy clusters  ."
expert_factor,expert facts,"Suppose that CP violation is observed at significantly higher magnitudes than predicted by the Standard Model, postulating the existence of new physics. Propose a theoretical framework that can explain this phenomenon. Describe the properties and interactions of the new particles or fields within this framework, and discuss possible experimental strategies to search for evidence of these hypothetical particles or interactions.","Additionally, the passages suggest that these 'new physics' must correlate with experimental data, namely interactions that precisely match experimental observations ."
expert_factor,expert facts,"I am trying to analyze a painting on a museum wall, how do I approach it?","Like Amy Mann, an approach to consider is treating the painting not as an exact copy but as an alive and dynamic representation ."
expert_factor,expert facts,How does the renaissance inform what illustrators do in the current time?,"Furthermore, the use of Renaissance-era paintings to illustrate the story adds a historical layer and aids in creating an educational and immersive experience ."
expert_factor,expert facts,"I have a painting in mind and I need to learn how to improve my perspective understanding, how would I do that?",Seek feedback from fellow artists and mentors: Share your artwork with others who have experience and knowledge in perspective to get constructive feedback and suggestions for improvement .
expert_factor,expert facts,Why did art focused on naturalism and realistic notions (such as proportions and perspective) appear mainly in Europe?,"The creation of linear perspective, attributed to the architect Filippo Brunelleschi, transformed the way artists depicted space and depth in their paintings ."
expert_factor,expert facts,How was eudaimonia defined in Ancient Greece and how closely does it relate to today's notion of 'happiness'?,"The main difference between the ancient and modern views lies in the objective standard required for eudaimonia in Ancient Greece, opposed to the subjective standard in modern happiness theories ."
expert_factor,expert facts,What are the five most important pieces written for a wind band with a soloist?,26 (1941) : Creston's Concerto for Alto Saxophone - one of his major works - is an essential piece for saxophone players wanting to showcase their abilities.
expert_factor,expert facts,When was Music of Coimbra born?,"Music of Coimbra, also known as Fado de Coimbra or Coimbra Fado, was born in the XVI century, as an influence of the signing of the students."
expert_factor,expert facts,What is going to be the future of journalism?,"This includes increased reliance on digital platforms, greater use of data journalism and artificial intelligence, more emphasis on audience engagement, and collaboration between news organizations  ."
expert_factor,expert facts,"Imagine you are in a public speech situation, according to the principles of Public Debate Theory, how should you manage your speech regarding the Ethos, Pathos and Logos principles?","All three elements, ethos, pathos, and logos, are vital and should be present in your speech to fully engage your audience and bring your points across effectively ."
expert_factor,expert facts,What is the effect that mental health has on police officers in the UK?,"The effects of mental health problems on police officers include reduced work performance, absenteeism, increased risk of physical health issues, and strain on personal relationships."
expert_factor,expert facts,Explain the application of Rule 19 of the IRPCS 1972 in simple terms.,"In summary, Rule 19 of the IRPCS 1972 aims to ensure the safe navigation of vessels in restricted visibility conditions by providing guidelines on speed, course alterations, and actions to take when encountering other vessels to minimize the risk of collisions   ."
expert_factor,expert facts,To what extent is the Lattice Boltzmann model useful to model fluid phenomena?,The lattice Boltzmann model (LBM) is a class of computational fluid dynamics (CFD) methods that can describe fluid systems and thermodynamic phenomena at the mesoscopic scale .
expert_factor,expert facts,How do you compute the homotopy groups of the sphere S^2?,"More specifically, the n-th homotopy group, denoted by π_n(X), of a topological space X captures the essential features of continuous mappings of n-dimensional spheres (denoted by S^n) into X ."
expert_factor,expert facts,How can I obtain a foliation starting from a vector field on a manifold?,"A vector field can be visualized as stream-lines of a stationary flow or as Faraday’s lines of force, and a non-vanishing vector field in space generates a space-filling system of lines through each point, known to mathematicians as a congruence (i.e., a local foliation)."
expert_factor,expert facts,"Accounting syllabus needs to include the impact of technology in to the world of work, are students getting enough knowledge in terms of how they can better prepare themselves for the 4IR?","Additionally, soft skills like critical thinking, leadership, communication, and problem-solving should also be emphasized in accounting curriculums, as these are essential to navigate the technological changes in the industry  ."
expert_factor,expert facts,Lewis has just had two children and wants to plan for their educational costs. Explain what he should do and at what point he should do this for the best outcome.,"He should then explore various savings and investment options, such as 529 college savings plans, education savings accounts (ESAs), and mutual funds, to create a diversified investment portfolio that might provide better returns and help him reach his financial goals  ."
expert_factor,expert facts,"Suppose the United Kingdom rejoins the EU, what are the potential economic benefits of this?","British companies could then once again be part of the European Single Market (EU) or the European Economic Area, and rejoin the Customs Union with Turkey ."
expert_factor,expert facts,How does asset allocation take place after the main beneficiary passes on?,Asset allocation after the main beneficiary passes on typically involves the process of estate distribution according to the deceased's wishes or legal requirements .
expert_factor,expert facts,"A traveler decides to visit Hawaii but finds out the residents are not happy about the tourism rates on the islands and invite people not to visit. Should the traveler ignore the residents, plan a trip as responsibly as possible or change the destination altogether?","Alternatively, changing the destination to another place that is less affected by the negative impacts of tourism may also be a good option, as this can lead to a more enjoyable and guilt-free vacation experience for the traveler while respecting the preferences of the residents in the original destination."
expert_factor,expert facts,What are for you the 5 best poets of all time?,"Homer (c. 8th century BCE) - Although the exact dates of his life are uncertain, Homer is believed to be a Greek epic poet responsible for two of the greatest epic poems, the Iliad and the Odyssey ."
expert_factor,expert facts,"Please define what ""magical realism"" is.","Magical realism is a literary genre that incorporates fantastical or supernatural elements into otherwise realistic narratives, blurring the boundaries between reality and imagination ."
expert_factor,expert facts,Which types of freight should be given additional focus for security?,"In the field of aviation, certain types of freight should be given additional focus for security due to their potential risks and vulnerabilities."
expert_factor,expert facts,What level of insurance should pharmacists working in prinary care get if they are not prescribers?,This means that the cover needs to be appropriate to the nature and extent of the risks involved in your practice so that enough compensation will be paid if a successful claim is made against you.
expert_factor,expert facts,What type of health supplies require approbation?,"These items must undergo regulatory approval processes, such as those administered by the U.S. Food and Drug Administration (FDA) or the European Medicines Agency (EMA), to ensure their safety, efficacy, and quality before being distributed and used within the healthcare system ."
expert_factor,expert facts,How effective is cognitive behaviour therapy in the treatment of recovering opiate addicts?,"In summary, cognitive-behavioral therapy has been found to be effective in the treatment of recovering opiate addicts, particularly when combined with other forms of treatment such as medication-assisted treatment or 12-step programs  ."
expert_factor,expert facts,How would you determine the most effective treatment in a resistant infection?,"The most effective treatment for a resistant infection depends on the type of bacteria causing the infection and the types of medications to which they respond, with doctors, sometimes, even prescribing a combination of medications."
expert_factor,expert facts,Why are infant formula brands not necessarily promoted to pregnant and lactating women?,Infant formula brands are not necessarily promoted to pregnant and lactating women because breast milk is considered a complete source of nutrition for babies and can protect them from infections and certain diseases later in life .
expert_factor,expert facts,What is the best way to store my medication to ensure its potency and safety?,"Additionally, it is essential to keep medications in their original containers with the original labels and to securely close the lids or caps to prevent contamination or accidental ingestion  ."
expert_factor,expert facts,What is the best type of socket for a diabetic amputee?,"Optimal socket design and appropriate liners, such as gel liners that help reduce friction and skin irritation, are vital to prosthetic success for diabetic patients ."
expert_factor,expert facts,How can we support people through addiction and homelessness?,"Treatment options for homeless people can include detoxification, which helps a person safely withdraw from substances and become medically stable; outpatient treatment, which means living offsite, such as in a shelter or supportive housing, and traveling to rehab for treatment; and inpatient treatment, which means living onsite for the duration of treatment ."
expert_factor,expert facts,What is the mechanism in what tacrolimus acts?,"By blocking the production of IL-2 and other cytokines, tacrolimus suppresses T-cell activation and prevents the immune response, making it an effective treatment for preventing organ transplant rejection and managing autoimmune diseases ."
expert_factor,expert facts,Should you extract third molars prolifically?,"In cases where the third molars are impacted, symptomatic or causing issues such as infection or damage to adjacent teeth, extraction may be the appropriate option ."
expert_factor,expert facts,What are the main signs of Langerhans cell histiocytosis in children?,Some common symptoms of LCH in children are :  - Pain in the belly or in the bones  - Poor growth (failure to thrive) - Irritability - Yellowing of the skin and eyes (jaundice) - Urinating often and having constant thirst.
expert_factor,expert facts,What is the time to detect a tromboembolism in CT scan after contrast injection?,"In a CT pulmonary angiography (CTPA) exam, which is commonly used to diagnose pulmonary embolism (PE), the optimal time window for detecting PE after contrast injection is approximately 20-25 seconds."
expert_factor,expert facts,When would you advise a patient for bypass instead of stenting and medical therapy?,"Ultimately, the decision to pursue bypass surgery over stenting and medical therapy should be made after a thorough evaluation of the patient's specific medical condition, taking into account their age, overall health, and individual risk factors ."
expert_factor,expert facts,"A patient who is nil by mouth has snuck food in, what are the risk associated if they are due to have an operation in 1 hour?","According to some sources  , one of the main risks of eating before an operation is aspiration of stomach contents into the lungs, which can cause serious complications."
expert_factor,expert facts,Compare behavioral testing to OAE or tympanometry in children.,"The American Academy of Audiology (AAA) prefers OAE testing over pure-tone audiometry as an initial screening tool for children younger than 3 years and for children with special needs, with tympanometry as a follow-up screening for children whose OAE test results are unsatisfactory ."
expert_factor,expert facts,Why is the category of nurses in Italy little recognized unlike doctors?,This change in educational requirements has led to a growing demand for professional recognition and integration of nurses within the multidisciplinary healthcare team .
expert_factor,expert facts,Sickle cells are characteristic from which kind of disease?,"In someone who has SCD, the hemoglobin is abnormal, which causes the red blood cells to become hard and sticky and look like a C-shaped farm tool called a “sickle.” The sickle cells die early, which causes a constant shortage of red blood cells."
expert_factor,expert facts,"In an emergency room, 3 people are wheeled in, in different states or conditions, one being hit on the head with a glass bottle, one with a bone sticking out of their leg and the other with a abnormally high temperature. According to the emergency scale, who will be first priority?","The patient with an exposed bone fracture would be prioritized next, as their injury could lead to further complications such as infection or blood loss ."
expert_factor,expert facts,A 60 years old woman comes to the office asking for pain medication. She has a history of opioid addiction and uncontrolled high blood pressure. Under what circumstances I should referred her to the hospital?,"Non-opioid alternatives like acetaminophen or nonsteroidal anti-inflammatory drugs (NSAIDs) could be attempted first, but if they provide no relief for the patient's pain, a referral to the hospital is warranted ."
expert_factor,expert facts,"If Patient A is diagnosed with Multiple Sclerosis in Africa and they move to Canada, would their disease be worse or better?","However, some studies have suggested that the prevalence of MS is higher in countries further from the equator, such as Canada, due to factors like vitamin D deficiency and decreased sun exposure ."
expert_factor,expert facts,Indicate the correct dosage range of ibuprofen for a child of age 9 and 32 kilos.,"For a child aged 9 and weighing 32 kg, the correct dosage range of ibuprofen is 10-15 mg/kg per dose, given every 6-8 hours as needed ."
expert_factor,expert facts,What's the best test for screening of diabetes mellitus type 2?,"The best test for screening diabetes mellitus type 2 is the Hemoglobin A1c (HbA1c) test, also known as the glycated hemoglobin test ."
expert_factor,expert facts,"A nine year old girl with severe ADHD has already tried all drugs that are allowed for children. None of them was sucessful. There was no benefit from the drugs, but many negative side effects from on just a little dose. What else can I try, if an ADHD patient isn't responding to any drug?","If an ADHD patient is not responding to any drugs, you may consider exploring alternative treatment options, although it is important to discuss these with a doctor first."
expert_factor,expert facts,Design an algorithm of hypertension drugs to help the clinician make the best medication choice according to the patient and their health characteristics.,"If the initial monotherapy does not achieve optimal blood pressure control, consider adding a second drug from a different class  ."
expert_factor,expert facts,Compare AI interpretation of test results accuracy to a health professional following the same standards for evaluation.,"In medical imaging, a study published in The Lancet Digital Health demonstrated that AI-based algorithms could achieve a pooled sensitivity and specificity of 94.4% and 95.5%, respectively, which were comparable to those of healthcare professionals ."
expert_factor,expert facts,A patient who has sustained an opioid arrest has now received narcan and is refusing hospital treatment or to leave the ambulance - is it correct to call police?,"In a situation where a patient who has sustained an opioid arrest, received Narcan (naloxone), and is refusing hospital treatment or to leave the ambulance, it may be necessary to involve law enforcement to manage the situation ."
expert_factor,expert facts,"A patient comes in with frequent asthmatic episodes, what should be monitored in such a patient?","In a patient with frequent asthmatic episodes, the following parameters should be monitored: frequency and severity of symptoms, lung function (such as forced expiratory volume in 1 second (FEV1), peak expiratory flow (PEF), and forced vital capacity (FVC)), medication usage, frequency of exacerbations, quality of life, and presence of any comorbidities  ."
expert_factor,expert facts,"If you were faced with a patient who had multiple comorbid psychiatric disorders, how would you formulate a treatment plan?","However, it's important to understand that the treatment plan would be intricately linked to the precise nature of the comorbid conditions, specifics of the patient's condition and their individual needs."
expert_factor,expert facts,The concept of creation and evolution hasn't answered the question effectively: egg first or chicken first? Which one was involved or which was created first?,"Thus, the egg existed before the chicken, as it was a reproductive method utilized by ancestral species that eventually led to the evolution of the chicken ."
expert_factor,expert facts,I coud ascertain that sometimes sequencing gives bad results even though the PCR amplification went well. What is the reason behind this?,"Automated DNA sequencers generate a four-color chromatogram showing the results of the sequencing run, as well as a computer program's best guess at interpreting that data."
expert_factor,expert facts,"If cancer was cured, what would be the main cause of death?","If cancer were cured, the main cause of death would likely be cardiovascular diseases, which include conditions such as coronary artery disease, heart attacks, and strokes ."
expert_factor,expert facts,"What is the current estimate of the total number of species on Earth, and what percentage of these species have been formally described and named by taxonomists?","However, this is likely not completely accurate, as there isn't a comprehensive list of the world's species due to the continued discovery of new species ."
expert_factor,expert facts,How can a tiny purchase help the economy?,"A tiny purchase can help the economy by supporting small businesses, which make up 99.9% of the United States business landscape and employ 47.5% of the country's total workforce."
expert_factor,expert facts,Should I invest in crypto or stocks?,"Investing in cryptocurrency can yield substantial gains, but it also subjects investors to significant risks, such as regulatory changes, security breaches, and a constantly evolving market ."
expert_factor,expert facts,"In a place where the city regulations don't allow the contruction of new buildings outside the city limits, how can the goverment encourage the densification of the city?","Incentivizing infill development: Offering incentives such as tax breaks, expedited permitting, or reduced fees for developers who build on vacant or underutilized land within the city can encourage densification ."
expert_factor,expert facts,What are the principles enunciated by Brandi and how do they relate with architectural restoration?,"According to the search results, Brandi was an Italian art historian and restorer who developed a theory of restoration based on a critical judgement of the work of art and its historical and aesthetic value  ."
expert_factor,expert facts,"If beauty is relative and ambigous, why are symmetry and harmony related to beauty?","For example, the ideal standard for facial beauty often includes facial symmetry and balance, which are perceived as aspects of harmony ."
expert_factor,expert facts,"Suppose we have a property to build and the client tells us that we can design whatever we want, what design intentions would you have?",Client-centered design ensures the final structure reflects the client's lifestyle and preferences even if they may not have had a clear idea of what they wanted.
expert_factor,expert facts,"In the event of a country member of the African Union conducting a genocide against a part of its own population, do other AU countries have the authority to military intervene to stop it?","Yes, in the event of a country member of the African Union conducting a genocide against a part of its own population, other AU countries have the authority to militarily intervene to stop it."
expert_factor,expert facts,Which laptop manufactured in the last 2 years has the best value for money with the best characteristics in the 700-1000$ price range?,"Its combination of solid specifications, portability, and a sleek design makes it an excellent choice for a wide range of users  ."
expert_factor,expert facts,What parameter it is needed to modify if I want to reduce the final count of a yarn?,"Thus, to reduce the final count of a yarn, you can either decrease the weight (W) of the same length (L) of the yarn or increase the length (L) of the yarn for the same weight (W)  ."
expert_factor,expert facts,How to find error in the FPGA model after deployment of the code in FPGA?,"Logic synthesis: Use synthesis tools to translate the design from a high-level representation (e.g., VHDL or Verilog) to a gate-level netlist."
expert_factor,expert facts,What is a media-arts installation?,"A media-arts installation is a type of artwork that situates moving-image media within specific scenarios, built structures, sites, or viewing environments."
expert_factor,expert facts,What are the best chlorine fastness textile dyes?,"Reactive dyes such as Drimaren K and Cibacron F are known for their high chlorine resistance, making them the most suitable choices for use in swimming pools and other environments with high chlorine content ."
expert_factor,expert facts,How to use market simulation on a CBC analysis project that I'm creating in order to improve a road?,CBC questionnaires show respondents hypothetical choice scenarios where the competing alternatives are described using varying combinations of attributes (factors) and levels .
expert_factor,expert facts,Are runflat tyres safer than self inflatable tyres or non flats which are projected for future use?,"In summary, run-flat tires are currently considered safer due to their proven ability to maintain vehicle control and mobility in case of a puncture, while self-inflatable and non-flat tire technologies are still under development and their real-world performance and safety remains to be fully evaluated and compared ."
expert_factor,expert facts,Can you provide a comprehensive analysis of the latest advancements in quantum-resistant encryption algorithms and their potential impact on current cybersecurity practices?,"One of them is CRYSTALS-Kyber, which is based on structured lattices, a family of math problems that could resist a quantum computer's assault."
expert_factor,expert facts,"I have a support team who are picking up client calls, which topology for phone system I need to implement in order to make sure everyone fairly answers same amount of calls?","The ACD system is designed to distribute incoming calls to agents or support team members based on predefined routing strategies, such as the round-robin strategy, which ensures equal distribution of calls among the available team members  ."
expert_factor,expert facts,Is it still possible to design vehicles which could potentially be damaging the environment and be liked by the customers?,"Therefore, it may be possible to design vehicles that could potentially be damaging the environment and be liked by the customers, depending on their fuel efficiency, emissions ratings, and driving habits."
expert_factor,expert facts,"Given the occurrence of destructive strong ground motion, what strategies could I implement to minimize downtime in buildings located in California?","There are different strategies to minimize downtime in buildings located in California due to earthquakes, depending on the type, age and location of the buildings ."
expert_factor,expert facts,What types of separation techniques are there?,-  Filtration: separates a solid from a liquid by passing the mixture through a porous medium that retains the solid .
expert_factor,expert facts,Polymers can form either step-growth or chain growth polymerisation. Identify key diferences between these types of reactions.,"In chain-growth polymerization, the active, reactive center propagates throughout the entire polymerization process, terminating only when the polymer chain reaches its final length ."
expert_factor,expert facts,How much time does it take for a open tank to empty based on the evaporation rate of a given day?,"One of the simplest formulas is given by Dalton's law of evaporation which states that:  $$EL= C (ew– ea)$$  Where $EL$= rate of evaporation (mm/day), $C$ = a constant, $ew$= the saturation vapour pressure at the water temperature in mm of mercury, $ea$= the actual vapour pressure in the air in mm of mercury."
expert_factor,expert facts,What is the best material for photocatalytic reactions?,"However, researchers are also exploring other semiconductor materials, such as zinc oxide (ZnO), cadmium sulfide (CdS), and bismuth vanadate (BiVO4), to improve the efficiency and extend the light absorption range of photocatalysts ."
expert_factor,expert facts,Can music therapy impact a child with autism if they have noise sensory issues,"Music therapy can help them to cope with sound sensitivities or individual differences in auditory processing, improve sensory integration and behavioral changes, and regulate brain processes and responses to the environment."
expert_factor,expert facts,What are effective ways to cater for students of different abilities in a class?,"Using a variety of teaching strategies, such as lectures, discussions, hands-on activities, and collaborative projects, can address the multiple learning styles that students possess ."
expert_factor,expert facts,"Imagine you are in England, would you say truck or lorry?","Some claim that in England, the term ""lorry"" is used to refer to a large, heavy vehicle for transporting goods, whereas ""truck"" is more commonly used in American English ."
expert_factor,expert facts,Can I do structural equation modeling (PLS) in Jamovi?,"Hence, you do not need to use other statistical software like R, SPSS, or Mplus, which provide support for structural equation modeling."
expert_factor,expert facts,"A child is climbing to get access to a toy, what consequence strategies could you use?","For example, you could say ""Come down from there, and please ask for help if you want to reach that toy""."
expert_factor,expert facts,"What does the concept of work mean, and how does it affect the family structure?","According to Giddens (1991) and Vidal (2011) work, in sociology, is defined as the carrying out of tasks, which involves the expenditure of mental and physical effort, and its objective is the production of goods and services that cater to human needs."
expert_factor,expert facts,What are the basic structure of early modern humans?,"According to my search results, early modern humans generally have more delicate skeletons, more rounded skulls, less brow ridges, high foreheads, small faces, and pointed chins compared to other late archaic humans ."
expert_factor,expert facts,X entered into a lease agreement with Y for house. X builds a hot tub on the property but once his lease expires he tells Y he wants to remove the hot tub as he built it with his own money.Y argues that he is the owner of the hot tub by accession. Will Y's argument succeed in court?,"Therefore, Y's argument may not succeed in court if X can prove that the hot tub was not fixed to the property and that he did not intend to make it part of the property."
expert_factor,expert facts,Can a user interface that uses AI be patented at the EPO?,"However, inventions related purely to mathematical methods, such as AI algorithms, are excluded from patentability unless the claimed subject matter contributes to the technical character of the invention ."
expert_factor,expert facts,Does customary law mean that the parties married under the this law gets her get half of their partners estate even though they are not married in community of property?,"These different marriage acts make the distribution of an estate even more complex, since a person cannot be lawfully married under both the Customary Marriage Act and the Marriage Act ."
expert_factor,expert facts,"I am about to sell land that I have inherited from a deceased parent. My parents bought it in 1985 and I have now inherited that land, which I intend to sell right away. Should I compute capital gains?","When selling the inherited land, you may be subject to either short-term or long-term capital gains tax depending on the duration you held the property after inheriting it."
expert_factor,expert facts,What are your thoughts on using punishment procedures when working with vulnerable populations?,"One major concern with using punishment procedures is that they can result in negative psychological outcomes for vulnerable individuals, such as increased anxiety, anger, or fear ."
expert_factor,expert facts,What are some potential negative consequences of relying solely on community-based interventions for addressing systemic inequalities?,"While aid can play a crucial role in short-term relief efforts, over-reliance can risk weakening the community’s economy and perpetuate dependence on foreign assistance."
expert_factor,expert facts,Which leadership style would best suit a multidisciplinary team of psychologists and social workers?,"The leadership style that best suits a multidisciplinary team of psychologists and social workers is one where leadership comes from ""the best qualified individual regardless of professional background"" ."
expert_factor,expert facts,"If a patient shares that they feel like they are catastrophising, what can I do?","In summary, when a patient shares that they are catastrophizing, as a psychologist, you can help them by employing cognitive-behavioral therapy techniques, encouraging self-awareness and mindfulness, and teaching them to challenge their irrational thoughts."
expert_factor,expert facts,How is attention guided by statistical regularities presented in the enviroment?,"When the predicted stimulus was not the target, and the statistical structure of the sequence was not helpful to perform the task, both predictive and predicted stimuli failed to either attract or divert attention ."
expert_factor,expert facts,"In a family, several risk factors are identified, with an impact on the child's development. The family, when accompanied by the services, has positive evolutions, however, when it ceases to be accompanied, it regresses. What is the impact on children of this attitude of parents?",Inconsistent support from services can also affect the parent's ability to provide a nurturing and safe environment for the child .
expert_factor,expert facts,How did feminism come about?,"In France, Hubertine Auclert uses it since at least 1882 in his magazine De ella La Citoyenne; is the first to do so, and not the utopian socialist Charles Fourier, as has traditionally been repeated    There are different waves of feminism that emerged in different historical contexts and focused on different issues."
expert_factor,expert facts,"Why does the word ""no"" itself not exist in chinese?","According to the web search results, there is no word in Mandarin Chinese that is the exact equivalent to the word ""no"" in English."
expert_factor,expert facts,"If mezcal production in the Valley of Mexico posits the distilling of mezcal can be traced back to ancient times, how could this be attained before the arrival of the Spaniards?","According to Wikipedia, the origin of mezcal is tied to the introduction of distillation technology from Spanish immigrants to Nueva Galicia in the late 16th century."
expert_factor,expert facts,"If a company does not have an active ESG consultant, how would they be able to determine the human behavioral aspect of the service or product they provide?","They can help companies to identify opportunities and risks related to ESG factors, as well as to measure and report their ESG performance  ."
expert_factor,expert facts,Imagine a community of plants and herbivores where a new predator is introduced. How do you think this new predator would impact the population dynamics and species interactions within the community?,"According to some sources , predators can affect herbivore biomass and their impact on plants by regulating their population size and behavior."
expert_factor,expert facts,Is there any effect on temperature related to the presence of solar farms nearby?,Research indicates that the temperature increase within solar parks can be between 3°C and 4°C during daytime and decrease of about 2°C to 3°C during nighttime.
expert_factor,expert facts,Which one is more important: AOR or SOR?,The importance of AOR (Area of Responsibility) or SOR (Scope of Responsibility) in the field of Environmental Science depends on the specific context and objectives of a project or organization .
expert_factor,expert facts,What can you tell me about the Thebes mortuary temples? Include sources for further reading.,The temple is near the Mortuary Temple of Mentuhotep II and marks the entrance to the Valley of the Kings .
expert_factor,expert facts,What historic event or era marked the beginning of human civilization?,"The beginning of human civilization is marked by the Agricultural Revolution, which began around 10,000 BCE in the fertile river valleys of the Near East ."
expert_factor,expert facts,"It is known that Christopher Columbus discovered America. In this scenario, to what extent do you believe that he provoked the killings of thousands of indigenous people?","According to some sources  , Christopher Columbus and his men enslaved many of the native inhabitants of the Caribbean islands and the Central and South American coasts, forced them to convert to Christianity, and subdued them with violence and brutality in an effort to seek riches."
expert_factor,expert facts,To what extent is JFK's legacy written from sympathy because of his assassination?,"JFK's legacy is to some extent written from sympathy due to his assassination, as the tragic event led to a public outpouring of grief and affection for the president and his family ."
expert_factor,expert facts,Summarize internal civil problems of the Assyrian empire.,"- The civil wars weakened the empire and made it vulnerable to attacks from other groups, such as the Babylonians, Medes, and Scythians ."
expert_factor,expert facts,"Imagine having a subatomic particle which is entangled with another one. What would happen if you change the spin of one, even being in infinite distance and why?","In the case of entangled subatomic particles, if you change the spin of one particle, the other particle's spin would instantaneously change as well, regardless of the distance between them ."
expert_factor,expert facts,Does the dose equivalent depend on gender and age?,"For instance, younger individuals are generally more sensitive to radiation exposure than older individuals due to their higher rate of cell division and longer remaining lifespan to develop potential cancer or other radiation-related effects ."
expert_factor,expert facts,Who were the Situationists?,"The Situationists played a significant role in the 1968 student and worker protests in France, with their ideas on detournement and psychogeography influencing both the visual arts and political philosophy  ."
expert_factor,expert facts,"If you are in a studio taking a photo of a model and the light is at 45 degrees with two strobes but it's still overexposed, do you decrease the power of the flash or do you close the aperture?","In a studio setup where a photo of a model is overexposed with the light at 45 degrees and two strobes, you can decrease the overexposure by either decreasing the power of the flash or closing the aperture."
expert_factor,expert facts,"I just opened a small online shop for selling models. I need a modeling program that can cover all modeling steps, but also have the cheapest possible trading license, under 1000 EUR per year. Do you know any such programs?","Furthermore, Blender has an active community that provides tutorials and support, making it an excellent choice for both beginners and experienced users ."
expert_factor,expert facts,SUMMARIZE THE HISTORY OF POP ART IN AMERICAN DESIGN,"Many of the most famous Pop artists began their careers in commercial art, including Andy Warhol, who was a magazine illustrator and graphic designer, before entering the world of fine art ."
expert_factor,expert facts,Can you make a list of the key things that make a drawing a drawing?,"However, they provide notions such as it being done as a two-dimensional art piece, with the use of any material that can create a mark, with the resulting object consisting mostly of lines and/or tone"
expert_factor,expert facts,Tell the step by step process of recycling a canvas.,"First, the canvas would need to be collected as part of recycled materials, as described in the three-step process of recycling in general ."
expert_factor,expert facts,"Suppose that there is an individual who can understand and produce a language L, however there is no one else that understands it as a language. Is L a language? Support your answer by referring to theories from the literature in the philosophy of language.","The individualist view would support the idea that it is a language based on the innate linguistic competence of the individual, while the social view would cast doubt on its status as a language due to its inability to serve the function of communication within a community."
expert_factor,expert facts,Give me your interpretation of the concept of the eternal return throughout relevant philosophical currents.,"For example, Stoicism views it as a natural cycle of cosmic destruction and rebirth, while Nietzsche sees it as a test of human will and affirmation of life ."
expert_factor,expert facts,What are the main musical characteristics of the mid-century Venetian aria in Italian opera?,"There was a greater emphasis on solo singers and the number of arias in an opera increased, resulting in a separation between recitative and aria ."
expert_factor,expert facts,How heaving involved is a music producer in the marketing and pr of an artist?,"According to my search results, a music producer can be involved in the marketing and pr of an artist in different ways, depending on their role and expertise."
expert_factor,expert facts,How is the tuning standard in Germany?,"This standard, known as concert pitch, is widely used for the calibration and tuning of acoustic and electronic musical instruments to ensure a consistent reference pitch across multiple performances and recordings ."
expert_factor,expert facts,Would it be a good decision to dollarize argentinian economy and get rid of the Argentine peso?,"Argentina became highly ""dollarized"" during its hyperinflations of 1989 and early 1990, but it still uses the Argentine peso as its official currency."
expert_factor,expert facts,Which Communication Theory is the most accurate to reality? Lasswell's theory or Lazarsfeld's?,"According to Lazarsfeld's model, messages are first received by opinion leaders, who interpret and influence the content before passing it on to the wider audience ."
expert_factor,expert facts,I am an officer at n.y.p.d and I am getting beaten by hooligans. What accusation will I have?,"This crime is classified as a felony, and the individuals involved in the assault could potentially face significant penalties, including imprisonment and fines ."
expert_factor,expert facts,"A thief has been caught trying to break into the barracks completely drunk, and we are forced to bring him to a judge no longer than 12 hours, but the closest judge is 36 hours away. Which is the best procedure with him?","Additionally, it is important to follow the procedures and protocols established by your military or law enforcement agency in dealing with such situations, ensuring that you are adhering to the legal guidelines, as well as safeguarding the rights of the suspect ."
expert_factor,expert facts,Should the Royal Navy implement drone technology?,"The Royal Navy should consider implementing drone technology for a variety of reasons, including enhancing surveillance capabilities, increasing operational efficiency, and reducing risks for personnel  ."
expert_factor,expert facts,How powerful is the Russian Navy?,"The Russian Navy has demonstrated significant capabilities through its participation in various international exercises and regional conflicts, such as the conflict in Syria ."
expert_factor,expert facts,I have an unknown space whose fundamental group is known to be the free abelian group on two generators. What might my space be and why?,"In the case of the two-dimensional torus, there are two non-contractible loops (the two meridians) that smoothly go around different hole sections of the torus, and these loops generate the fundamental group, which is free abelian (each loop is assigned a unique element in the group) ."
expert_factor,expert facts,Describe mob justice in the case of a response to a perceived injustice.,"The reasons behind mob justice are not entirely justified by rational legal frameworks, as these actions often reflect a sense of insecurity and concentrate on specific targets by bands of disillusioned citizens ."
