,CaseID,Category,Question,Correct Answer,Raw COT Answer,Corrected COT Answer,Hallu Seq,raw_cot,corrected_cot
0,0,professional_accounting,"Which of the following items is not subject to the application of intraperiod income tax allocation? The options are: A) Discontinued operations, B) Income from continuing operations., C) Extraordinary gains and losses, D) Operating income.",d,b,d,"['NO', 'NO', 'NO', 'NO', 'NO', 'NO']","Step 1: Understand what intraperiod tax allocation involves. Intraperiod tax allocation is an accounting method used to allocate income taxes within a single fiscal period among different items that appear on the income statement. This method ensures that each item reflects its own tax effects, making the financial statements more accurate and meaningful.
Step 2: Identify the items typically subject to intraperiod tax allocation. Generally, intraperiod tax allocation is applied to items that are unusual or infrequent, such as discontinued operations and extraordinary items. This is because these items can significantly affect the tax expense reported on the income statement, and allocating taxes to these items separately helps in presenting a clearer picture of the company's financial performance.
Step 3: Evaluate the options given in the question. A) Discontinued operations are typically subject to intraperiod tax allocation because they represent a significant event that is separate from the company's ongoing operations. B) Income from continuing operations is the baseline for calculating income taxes and is not 'allocated' taxes in the same way as specific, unusual, or infrequent items. C) Extraordinary gains and losses, under the guidelines that used to define them, were subject to intraperiod tax allocation due to their unusual nature and infrequency. However, it's worth noting that the accounting standards have evolved, and the concept of 'extraordinary items' has been eliminated under U.S. GAAP, but the principle of allocating taxes to significant, unusual, or infrequent items remains. D) Operating income is part of income from continuing operations and does not get separately allocated income taxes for intraperiod purposes.
Step 4: Based on the analysis, the item that is not subject to the application of intraperiod income tax allocation is the income from continuing operations, as it represents the baseline activity of the company and does not get separately allocated income taxes in the context of intraperiod tax allocation.","Step 1: Understand what intraperiod tax allocation involves. Intraperiod tax allocation is an accounting method used to allocate income taxes within a single fiscal period among different items that appear on the income statement. This method ensures that each item reflects its own tax effects, making the financial statements more accurate and meaningful. *<verified>*
Step 2: Identify the items typically subject to intraperiod tax allocation. Intraperiod tax allocation is applied not only to items that are unusual or infrequent, such as discontinued operations and extraordinary items, but also to regular items like income from continuing operations. This approach ensures that the tax expense reported on the income statement accurately reflects the tax effects associated with each item, thereby presenting a clearer picture of the company's financial performance. *<verified>*
Step 3: Recall the definition of operating income. Operating income is the profit realized from a business's core operations, indicating the amount of revenue left after deducting the operational direct and indirect costs. Operating income does not include items like discontinued operations, extraordinary items, or other non-operating incomes and expenses.
Step 4: Analyze the options in relation to intraperiod tax allocation. Given the understanding of intraperiod tax allocation, it's clear that it is applied to items that significantly impact the financial statements due to their unusual nature or because they represent the core operations of the business.
Step 5: Determine which item is not typically subject to intraperiod tax allocation. Since operating income is a measure of the core business activities and does not include unusual or infrequent items, it is generally not broken down further for the purpose of intraperiod tax allocation. The tax effects related to operating income are typically considered within the broader category of income from continuing operations.
Step 6: Conclude that the item not subject to intraperiod tax allocation among the options provided is operating income."
1,1,professional_accounting,"Johnson worked for ABC Co. and earned a salary of $100,000. Johnson also received, as a fringe benefit, group termlife insurance at twice Johnson’s salary. The annual IRS established uniform cost of insurance is $2.76 per $1,000. What amount must Johnson include in gross income? The options are: A) $100,000, B) $100,276, C) $100,414, D) $100,552",c,c,c,"['NO', 'NO', 'NO', 'NO', 'NO', 'NO', 'NO', 'NO']","step 1: Identify the total amount of group term life insurance provided to Johnson, which is twice his salary. So, 2 * $100,000 = $200,000.
step 2: Calculate the cost of this insurance per $1,000 of coverage. The IRS established uniform cost is $2.76 per $1,000.
step 3: Determine how many thousands of dollars worth of insurance Johnson has. $200,000 / $1,000 = 200.
step 4: Multiply the number of thousands of dollars worth of insurance by the cost per $1,000 to find the total cost of the insurance. 200 * $2.76 = $552.
step 5: Since the first $50,000 of employer-provided group term life insurance is excluded from gross income under IRS rules, only the cost of insurance over this amount is taxable. Johnson has $200,000 of coverage, so $200,000 - $50,000 = $150,000 is the amount over the exclusion.
step 6: Calculate the taxable cost of the insurance over the exclusion. Since we already calculated the total cost of the insurance for $200,000 of coverage to be $552, we need to calculate the cost for the first $50,000 and subtract it from $552 to find the taxable amount. The cost for $50,000 of coverage is ($50,000 / $1,000) * $2.76 = 50 * $2.76 = $138.
step 7: Subtract the non-taxable cost ($138) from the total cost ($552) to find the taxable benefit. $552 - $138 = $414.
step 8: Add the taxable benefit to Johnson's salary to find the total amount that must be included in gross income. $100,000 + $414 = $100,414.","step 1: Identify the total amount of group term life insurance provided to Johnson, which is twice his salary. So, 2 * $100,000 = $200,000.
step 2: Calculate the cost of this insurance per $1,000 of coverage. The IRS established uniform cost is $2.76 per $1,000.
step 3: Determine how many thousands of dollars worth of insurance Johnson has. $200,000 / $1,000 = 200.
step 4: Multiply the number of thousands of dollars worth of insurance by the cost per $1,000 to find the total cost of the insurance. 200 * $2.76 = $552.
step 5: Since the first $50,000 of employer-provided group term life insurance is excluded from gross income under IRS rules, only the cost of insurance over this amount is taxable. Johnson has $200,000 of coverage, so $200,000 - $50,000 = $150,000 is the amount over the exclusion.
step 6: Calculate the taxable cost of the insurance over the exclusion. Since we already calculated the total cost of the insurance for $200,000 of coverage to be $552, we need to calculate the cost for the first $50,000 and subtract it from $552 to find the taxable amount. The cost for $50,000 of coverage is ($50,000 / $1,000) * $2.76 = 50 * $2.76 = $138.
step 7: Subtract the non-taxable cost ($138) from the total cost ($552) to find the taxable benefit. $552 - $138 = $414.
step 8: Add the taxable benefit to Johnson's salary to find the total amount that must be included in gross income. $100,000 + $414 = $100,414."
2,2,professional_accounting,"Pine Co. purchased land for $450000 as a factory site. An existing building on the site was razed before construction began. Additional information is as follows: Cost of razing old building $60000 Title insurance and legal fees to purchase land $30000 Architect's fees $95000 New building construction cost $1850000 What amount should Pine capitalize as the cost of the completed factory building? The options are: A) $2,005,000, B) $1,975,000, C) $1,945,000, D) 1910000",c,a,c,"['NO', 'NO', 'NO', 'NO', 'NO']","Step 1: Understand that the cost to be capitalized for the completed factory building includes the cost of construction and other costs directly attributable to the construction process.
Step 2: Identify the costs directly related to the construction of the new building. This includes the new building construction cost of $1,850,000.
Step 3: Determine if the cost of razing the old building ($60,000) should be included. Since it is necessary to clear the site for the new building, this cost is directly attributable to the construction process and should be included.
Step 4: Evaluate whether the title insurance and legal fees to purchase land ($30,000) should be included. These costs are related to the acquisition of the land, not the construction of the building, and should not be included in the cost of the building.
Step 5: Consider if the architect's fees ($95,000) should be included. Since these fees are directly related to the design and construction of the new building, they should be included in the building's cost.
Step 6: Add the costs identified in steps 2, 3, and 5 to calculate the total cost to be capitalized for the completed factory building. This is $1,850,000 (construction cost) + $60,000 (razing cost) + $95,000 (architect's fees) = $2,005,000.
Step 7: Compare the calculated total cost with the provided options to identify the correct answer.","Step 1: Understand that the cost to be capitalized for the completed factory building includes the cost of construction ($1,850,000) and architect's fees ($95,000) as these are directly attributable to the construction process. The cost of razing the old building ($60,000) and title insurance and legal fees for purchasing the land ($30,000) are not to be included in the capitalization of the factory building. *<verified>*
Step 2: Add the cost of construction and the architect's fees to find the total cost to be capitalized for the factory building. This is $1,850,000 (construction cost) + $95,000 (architect's fees).
Step 3: Calculate the total cost to be capitalized as $1,850,000 + $95,000 = $1,945,000.
Step 4: Compare the calculated total cost of $1,945,000 with the provided options to find the correct answer.
Step 5: The correct option that matches the calculated cost is C) $1,945,000."
3,3,professional_accounting,"The following information pertains to Dash Co.'s utility bills: Period covered Amount Date paid April 16 ‚Äì May 15 $5000 June 1 May 16 ‚Äì June 15 $6000 July 1 June 16 ‚Äì July 15 $8000 August 1 What is the amount that Dash should report as a liability in its June 30 balance sheet? The options are: A) $6,000, B) $7,000, C) $10,000, D) 14000",c,a,a,"['NO', 'NO', 'NO', 'NO', 'NO']","step 1: Identify the period for which the liability is being calculated, which is as of June 30.
step 2: Understand that liabilities for utilities are recognized when the service period has ended but the payment has not yet been made.
step 3: Identify the utility bills that are relevant for the period ending June 30. These are the bills for the periods April 16 - May 15 and May 16 - June 15, because their service periods have ended by June 30, but the June 16 - July 15 period is not included because its service period ends after June 30.
step 4: Note that the bill for April 16 - May 15 ($5,000) would not be considered a liability as of June 30 because it was paid on June 1, before the balance sheet date.
step 5: Recognize that the bill for May 16 - June 15 ($6,000) has not been paid by June 30, making it a liability that should be reported on the balance sheet.
step 6: Conclude that only the $6,000 bill for May 16 - June 15 is the liability to be reported on the June 30 balance sheet.","Step 1: Identify the period for which the liability is being calculated, which is as of June 30. *<verified>*
Step 2: Calculate the liability for utilities as of June 30 by identifying the utility bills for which the service period has ended but not yet been paid. As of June 30, the bill for May 16 - June 15 of $6,000 has not been paid (payment due on July 1). Therefore, Dash Co. should report a liability of $6,000 in its June 30 balance sheet. *<verified>*
Step 3: Review the utility bill for the period June 16 - July 15 of $8,000, which is due on August 1. Since this bill covers a service period that includes dates after June 30, it is not considered a liability for the June 30 balance sheet because the service period has not ended by June 30.
Step 4: Confirm that no other utility bills are outstanding or due before June 30 that have not been accounted for in the previous steps.
Step 5: Conclude that the only utility bill that qualifies as a liability for the June 30 balance sheet is the one for the period May 16 - June 15, amounting to $6,000, as it is the only bill for a service period that has ended but not yet been paid by June 30."
4,4,professional_accounting,"Spark Co. buys cordless phones for $125 each and sells them for $200 each. Spark pays a sales commission of $25 per phone sold and monthly fixed costs are $3000. Assuming Spark desired a profit of 10% of sales how many units must Spark sell? The options are: A) 600, B) 400, C) 200, D) 100",d,d,d,"['NO', 'NO', 'NO', 'NO', 'NO', 'NO', 'NO', 'NO', 'NO']","Step 1: Calculate the profit per unit by subtracting the cost per unit and the sales commission from the selling price. Profit per unit = $200 (selling price) - $125 (cost per unit) - $25 (sales commission) = $50.
Step 2: Calculate the desired total profit by applying the desired profit percentage to the total sales. Desired profit = 10% of sales. However, we need to calculate the number of units first to determine total sales, so we'll incorporate this in a later step.
Step 3: Set up the equation to solve for the number of units (N) needed to meet the desired profit, incorporating fixed costs, profit per unit, and desired profit percentage. The equation is: Total Sales = N * $200 (selling price per unit), Desired Profit = 10% of Total Sales, and Total Profit = (Profit per unit * N) + Fixed Costs.
Step 4: Realize that the step 3 equation needs correction because the desired profit is not added to fixed costs but is a part of the total profit calculation. Correct equation: Total Profit = (Profit per unit * N) - Fixed Costs, and we aim for this total profit to be 10% of Total Sales.
Step 5: Since we know the desired profit is 10% of Total Sales, we can express Total Sales as Total Sales = N * $200. Therefore, Desired Profit = 0.10 * (N * $200).
Step 6: Substitute the expression for Desired Profit into the Total Profit equation and solve for N. We get: 0.10 * (N * $200) = ($50 * N) - $3000.
Step 7: Simplify the equation: $20N = $50N - $3000.
Step 8: Rearrange the equation to solve for N: $30N = $3000.
Step 9: Solve for N: N = $3000 / $30 = 100.","Step 1: Calculate the profit per unit by subtracting the cost per unit and the sales commission from the selling price. Profit per unit = $200 (selling price) - $125 (cost per unit) - $25 (sales commission) = $50. *<verified>*
Step 2: To calculate the number of units needed to be sold to achieve a 10% profit of sales, we need to ensure that the net profit (profit per unit * number of units sold - fixed costs) is 10% of the total sales (selling price per unit * number of units sold). Given that the profit per unit is $50, and the fixed costs are $3000, we set up the equation as follows: ((50x - 3000) / (200x)) = 0.10, where 'x' is the number of units sold. This equation correctly represents the relationship needed to find the number of units that satisfies a 10% profit margin on sales. *<verified>*
Step 3: Simplify the equation to solve for 'x'. Start by multiplying both sides by 200x to get rid of the denominator: (50x - 3000) = 0.10 * 200x. Correctly applying the multiplication leads to 50x - 3000 = 20x. To solve for 'x', the equation should be further simplified correctly. *<verified>*
Step 4: Correct the error in the multiplication step. The correct equation after multiplying both sides by 200x should be 50x - 3000 = 20x. This is incorrect. The correct step should be multiplying 20x by 0.10, which gives 20x. Therefore, the correct equation is 50x - 3000 = 20x. *<verified>*
Step 5: Realize the mistake in Step 4 explanation. The correct equation after distributing 0.10 to 200x is actually 50x - 3000 = 20x * 0.10, which simplifies to 50x - 3000 = 20x. This step was mistakenly explained; the correct simplification should lead to 50x - 3000 = 20x. *<verified>*
Step 6: Correctly simplify the equation from Step 3, which should be 50x - 3000 = 20x. The correct step is to subtract 20x from both sides to isolate the variable x on one side of the equation. This leads to 30x - 3000 = 0. *<verified>*
Step 7: Add 3000 to both sides of the equation to further isolate x, resulting in 30x = 3000. *<verified>*
Step 8: Divide both sides of the equation by 30 to solve for x, which gives x = 100. *<verified>*
Step 9: Conclude that Spark Co. must sell 100 units to achieve a 10% profit of sales. *<verified>*"
5,5,professional_accounting,"The standard deviations of Stocks A and B are respectively 6% and 18%. If their correlation is 0.2 and an equal weighted portfolio is formed, what is the standard deviation of such a portfolio? The options are: A) 10%, B) 5%, C) 3.40%, D) 9.70%",a,none of the options match the calculated value. there seems to be a mistake in the calculation.,d,"['NO', 'NO', 'NO', 'NO', 'NO', 'NO', 'NO', 'NO', 'NO']","Step 1: Understand that the standard deviation of a portfolio, especially one with two assets, can be calculated using the formula: 
σp = √[w1^2 * σ1^2 + w2^2 * σ2^2 + 2 * w1 * w2 * Cov(1,2)], where σp is the portfolio standard deviation, w1 and w2 are the weights of the assets in the portfolio, σ1 and σ2 are the standard deviations of the assets, and Cov(1,2) is the covariance between the two assets.
Step 2: Given that the portfolio is equally weighted, w1 = w2 = 0.5.
Step 3: Given that the standard deviations of Stocks A and B are 6% (or 0.06) and 18% (or 0.18) respectively.
Step 4: The correlation coefficient between the two stocks is given as 0.2. The covariance between two assets can be calculated using the formula: Cov(1,2) = Corr(1,2) * σ1 * σ2, where Corr(1,2) is the correlation coefficient between the two assets.
Step 5: Calculate the covariance between Stocks A and B: Cov(A,B) = 0.2 * 0.06 * 0.18.
Step 6: Substitute the values into the portfolio standard deviation formula: σp = √[0.5^2 * 0.06^2 + 0.5^2 * 0.18^2 + 2 * 0.5 * 0.5 * (0.2 * 0.06 * 0.18)].
Step 7: Perform the calculations: σp = √[0.5^2 * 0.06^2 + 0.5^2 * 0.18^2 + 2 * 0.5 * 0.5 * (0.2 * 0.06 * 0.18)] = √[0.0018 + 0.0162 + 0.00108] = √[0.01908].
Step 8: Calculate the square root of 0.01908 to find the portfolio's standard deviation.
Step 9: σp = √[0.01908] = 0.1381 or 13.81%.","Step 1: Understand that the standard deviation of a portfolio, especially one with two assets, can be calculated using the formula: 
σp = √[w1^2 * σ1^2 + w2^2 * σ2^2 + 2 * w1 * w2 * Cov(1,2)], where σp is the portfolio standard deviation, w1 and w2 are the weights of the assets in the portfolio, σ1 and σ2 are the standard deviations of the assets, and Cov(1,2) is the covariance between the two assets. *<verified>*
Step 2: Given that the portfolio is equally weighted, w1 = w2 = 0.5. *<verified>*
Step 3: Given that the standard deviations of Stocks A and B are 6% (or 0.06) and 18% (or 0.18) respectively. *<verified>*
Step 4: The correlation coefficient between the two stocks is given as 0.2. The covariance between two assets can be calculated using the formula: Cov(1,2) = Corr(1,2) * σ1 * σ2, where Corr(1,2) is the correlation coefficient between the two assets. *<verified>*
Step 5: Calculate the covariance between Stocks A and B: Cov(A,B) = 0.2 * 0.06 * 0.18. *<verified>*
Step 6: Substitute the values into the portfolio standard deviation formula: σp = √[0.5^2 * 0.06^2 + 0.5^2 * 0.18^2 + 2 * 0.5 * 0.5 * (0.2 * 0.06 * 0.18)]. *<verified>*
Step 7: Perform the calculations correctly: 
σp = √[0.5^2 * 0.06^2 + 0.5^2 * 0.18^2 + 2 * 0.5 * 0.5 * (0.2 * 0.06 * 0.18)] = √[0.00045 + 0.0081 + 0.00108] = √[0.00963]. *<verified>*
Step 8: Calculate the square root of 0.00963 to find the standard deviation of the portfolio: σp = √[0.00963] = 9.81%. *<verified>*
Step 9: Review the calculation and rounding: The final step involves ensuring that the calculation is accurate and that the rounding is done correctly. Given the calculation in Step 8, the result is approximately 9.81%, which is correctly calculated and rounded. The nearest option provided in the question is D) 9.70%. *<verified>*"
6,6,professional_accounting,"Simmons gives her child a gift of publicly traded stock with a basis of $40,000 and a fair market value of $30,000. No gift tax is paid. The child subsequently sells the stock for $36,000. What is the child’s recognized gain or loss, if any? The options are: A) $4,000 loss., B) No gain or loss., C) $6,000 gain., D) $36,000 gain.",b,b,c,"['NO', 'NO', 'NO', 'NO', 'NO', 'NO', 'NO', 'NO']","step 1: Identify the basis for the child. Since the stock was a gift, the basis for the child is the same as the donor's basis, which is $40,000.
step 2: Determine the fair market value (FMV) at the time of the gift. The FMV is $30,000.
step 3: Identify the selling price of the stock, which is $36,000.
step 4: Determine if the sale results in a gain or loss. Since the selling price ($36,000) is less than the basis ($40,000), this would typically indicate a loss. However, for gifted property, special rules apply.
step 5: For determining gain, use the donor's basis ($40,000). Since the selling price ($36,000) is less than the donor's basis, but more than the FMV at the time of the gift, the difference between the selling price and the donor's basis is a loss. However, this loss is not recognized because it falls within the range of the FMV at the time of the gift and the donor's basis.
step 6: For determining loss, if the selling price had been below the FMV at the time of the gift ($30,000), then the basis for loss would be the FMV at the time of the gift. Since the selling price ($36,000) is above the FMV, no loss is recognized.
step 7: Since the selling price is between the donor's basis and the FMV at the time of the gift, and the rules for recognizing gain or loss on gifted property prevent recognizing a loss in this scenario, the child does not recognize any gain or loss.","Step 1: Identify the basis for the child. Since the stock was a gift, the basis for the child is the same as the donor's basis, which is $40,000. *<verified>*
Step 2: Determine the fair market value (FMV) at the time of the gift. The FMV is $30,000. *<verified>*
Step 3: Identify the selling price of the stock, which is $36,000. *<verified>*
Step 4: Determine if the sale results in a gain or loss. Since the selling price ($36,000) is less than the basis ($40,000), this would typically indicate a loss. However, for gifted property where the selling price is between the donor's basis and the FMV at the time of the gift, no loss is recognized. Therefore, the child does not recognize a loss in this scenario. *<verified>*
Step 5: Since the selling price is above the FMV at the time of the gift, we need to determine if there is a gain. The gain is calculated based on the difference between the selling price ($36,000) and the FMV at the time of the gift ($30,000), which results in a $6,000 gain. *<verified>*
Step 6: To confirm the recognized gain, it's important to remember that for tax purposes, the gain recognized on the sale of gifted stock is calculated by comparing the selling price to the donor's basis if the sale results in a gain. However, since the selling price ($36,000) is less than the donor's basis ($40,000), this would typically indicate a loss. But, because the selling price is above the FMV and tax rules do not allow recognizing a loss when the selling price is between the donor's basis and the FMV, there is no recognized gain or loss in this scenario. *<verified>*
Step 7: Re-evaluate the conclusion in Step 6. The correct interpretation of tax rules for gifted property is that the gain should be calculated by comparing the selling price to the donor's basis if the sale results in a gain, which is correct. However, the analysis in Step 6 incorrectly concludes there is no recognized gain or loss. The correct approach is to recognize a gain when the selling price is above the FMV at the time of the gift. *<verified>*
Step 8: Correct the analysis. Since the selling price is above the FMV, the recognized gain should be calculated as the difference between the selling price ($36,000) and the FMV ($30,000), resulting in a $6,000 gain. This is consistent with the tax rules for gifted property, where the gain is recognized when the selling price exceeds the FMV at the time of the gift. *<verified>*"
7,7,professional_accounting,"A shoe retailer allows customers to return shoes within 90 days of purchase. The company estimates that 5% of sales will be returned within the 90-day period. During the month, the company has sales of $200,000 and returns of sales made in prior months of $5,000. What amount should the company record as net sales revenue for new sales made during the month? The options are: A) $185,000, B) $190,000, C) $195,000, D) $200,000",b,b,b,"['NO', 'NO', 'NO', 'NO']","Step 1: Understand the problem. The company needs to account for estimated returns within the 90-day return period for sales made during the current month. This means we need to calculate the estimated returns for the current month's sales and subtract that from the total sales to get the net sales revenue for new sales.
Step 2: Calculate the estimated returns for the current month's sales. The company estimates that 5% of sales will be returned. So, we calculate 5% of $200,000, which is the total sales for the month.
Step 3: Perform the calculation for the estimated returns. 5% of $200,000 = 0.05 * $200,000 = $10,000.
Step 4: Calculate the net sales revenue for new sales made during the month by subtracting the estimated returns from the total sales. Net sales revenue = Total sales - Estimated returns = $200,000 - $10,000.
Step 5: Perform the calculation for the net sales revenue. Net sales revenue = $200,000 - $10,000 = $190,000.","Step 1: Understand the problem. The company needs to account for estimated returns within the 90-day return period for sales made during the current month. This means we need to calculate the estimated returns for the current month's sales, which is 5% of $200,000 ($10,000), and subtract that from the total sales to get the net sales revenue for new sales, which would be $200,000 - $10,000 = $190,000. *<verified>*
Step 2: Identify the returns from prior months. The company has returns of sales made in prior months amounting to $5,000. This amount is separate from the current month's sales and estimated returns. *<verified>*
Step 3: Calculate the net sales revenue for the month. Since the returns from prior months ($5,000) do not affect the calculation of net sales revenue for new sales made during the current month, we only need to consider the estimated returns for the current month's sales. Therefore, the net sales revenue for new sales made during the month remains $190,000, as calculated in Step 1. *<verified>*
Step 4: Finalize the net sales revenue figure. The net sales revenue for new sales made during the month, after accounting for estimated returns but not including returns from prior months, is $190,000. This is because the question specifically asks for the net sales revenue for new sales made during the month, which we have calculated by subtracting the estimated returns for the current month's sales from the total sales. *<verified>*"
8,8,professional_accounting,"Rune Co.'s checkbook balance on December 31 was $10000. On that date Rune held the following items in its safe: $4000 check payable to Rune postdated January 3 and not included in the December 31 checkbook balance in collection of a sale made in December. $1000 check payable to Rune deposited December 15 and included in the December 31 checkbook balance but returned by the bank on December 30 stamped ""NSF"". The check was redeposited on January 2 and cleared on January 9. What amount should Rune report as cash in its December 31 balance sheet? The options are: A) $9,000, B) $10,000, C) $13,000, D) 14000",a,a,a,"['NO', 'NO', 'NO', 'NO', 'NO', 'NO']","Step 1: Start with the initial checkbook balance on December 31, which is $10,000.
Step 2: Consider the $4,000 check payable to Rune. Since it is postdated January 3 and not included in the December 31 checkbook balance, it should not be considered in the December 31 balance sheet. It represents a future receipt of cash, not current cash.
Step 3: Examine the $1,000 check that was deposited on December 15 and included in the December 31 checkbook balance but was returned by the bank on December 30 stamped 'NSF' (Non-Sufficient Funds). Since this check was included in the balance but then bounced, it means the actual cash balance was overstated by $1,000.
Step 4: Subtract the $1,000 from the initial balance to adjust for the NSF check. This is because the NSF check was included in the balance, but since it bounced, the actual cash available is less by that amount.
Step 5: Calculate the adjusted cash balance by subtracting $1,000 from the initial $10,000 balance, which gives us $9,000.
Step 6: The postdated check and the NSF check adjustments are the only adjustments needed to determine the correct cash balance for the December 31 balance sheet.","Step 1: Start with the initial checkbook balance on December 31, which is $10,000. *<verified>*
Step 2: Consider the $4,000 check payable to Rune. Since it is postdated January 3 and not included in the December 31 checkbook balance, it should not be considered in the December 31 balance sheet. It does not represent a future receipt of cash in the context of the December 31 balance sheet but is rather an item not yet included due to its postdate. *<verified>*
Step 3: Evaluate the $1,000 check payable to Rune that was deposited on December 15 and included in the December 31 checkbook balance. Since this check was returned by the bank on December 30 stamped ""NSF"" (Non-Sufficient Funds), it means that the $1,000 previously added to the checkbook balance was not actually available as cash on December 31. *<verified>*
Step 4: Adjust the December 31 checkbook balance to reflect the NSF check. Since the $1,000 was included in the balance but the funds were not available, the correct action is to subtract this amount from the initial balance. *<verified>*
Step 5: Calculate the adjusted December 31 checkbook balance by subtracting the $1,000 NSF check from the initial balance of $10,000. This results in a new balance of $9,000. *<verified>*
Step 6: Conclude that the correct amount to report as cash in Rune Co.'s December 31 balance sheet is the adjusted balance of $9,000, as this reflects the actual available cash after accounting for the NSF check and excluding the postdated check. *<verified>*"
9,9,professional_accounting,"A partner in a general partnership is usually not entitled to which of the following? The options are: A) To participate in management., B) To review accounting records., C) To enter into a contract with a third party without the consent of the other partners., D) To be liable only for personal negligence.",d,c,d,"['NO', 'NO', 'NO', 'NO', 'NO', 'NO', 'NO', 'NO', 'NO', 'NO']","Step 1: Understand that in a general partnership, all partners typically have the right to participate in the management of the business. This eliminates option A.
Step 2: Recognize that partners in a general partnership have the right to access and review the partnership's accounting records to ensure transparency and accountability. This eliminates option B.
Step 3: Know that in a general partnership, any partner can bind the partnership in a contract with third parties, but this usually requires the consent or agreement of the other partners, especially for significant decisions. This makes option C a strong candidate.
Step 4: Acknowledge that in a general partnership, partners are jointly and severally liable for the actions of the partnership, not just for their personal negligence. This means they are responsible for the partnership's debts and obligations, not limited to their own actions. This eliminates option D as it contradicts the general principle of partnership liability.","Step 1: Understand that in a general partnership, all partners typically have the right to participate in the management of the business. However, this does not eliminate any option directly without analyzing the specifics of each option in relation to the rights not typically entitled to a partner in a general partnership. *<verified>*
Step 2: Recognize that partners in a general partnership have the right to review the partnership's accounting records. This is essential for maintaining transparency among partners and ensuring that the business is managed properly. *<verified>*
Step 3: Acknowledge that in a general partnership, any partner can bind the partnership in a contract with third parties. However, this usually requires the consent or subsequent ratification by the other partners, especially for actions that go beyond the ordinary course of business. *<verified>*
Step 4: Understand that partners in a general partnership are jointly and severally liable for the debts and obligations of the partnership. This means that each partner can be held responsible for the full amount of any partnership liabilities, not just for personal negligence. *<verified>*
Step 5: Analyze the options in light of the established principles. Option A (To participate in management) is a right typically held by partners in a general partnership. *<verified>*
Step 6: Option B (To review accounting records) is also a right typically held by partners, as it is crucial for the operation and transparency of the partnership. *<verified>*
Step 7: Option C (To enter into a contract with a third party without the consent of the other partners) is partially true in practice but requires consent or ratification for actions outside the ordinary course of business, making it a nuanced option. *<verified>*
Step 8: Option D (To be liable only for personal negligence) does not align with the principle of joint and several liability in a general partnership, where partners are liable for all partnership debts and obligations, not just those arising from personal negligence. *<verified>*
Step 9: Conclude that while options A, B, and C describe rights or practices that can be associated with partners in a general partnership, option D describes a condition (being liable only for personal negligence) that is not typically applicable to partners in a general partnership. *<verified>*
Step 10: Determine that option D is the correct answer as it represents a right or condition that a partner in a general partnership is usually not entitled to, based on the principles of joint and several liability. *<verified>*"
10,10,professional_accounting,"Long was a purchasing agent for Frost, a sole proprietor. Long had express authority to place purchase orders with Frost's suppliers. Long conducted business on the Internet and had little contact with Frost. After Frost was declared incompetent in a judicial proceeding, Long placed an order with Grant Corp. on Frost's behalf. Both Long and Grant were unaware of Frost's incompetence. Will Frost or Frost's legal representative be liable to Grant? The options are: A) Yes, because Long's agency survived Frost's incompetence., B) Yes, because the order was valid regardless of Frost's incompetence., C) No, because Grant dealt only with Long., D) No, because Long did not have authority to enter into the contract.",d,d,d,"['NO', 'NO', 'NO', 'NO', 'NO', 'NO', 'NO']","Step 1: Understand the scenario. Long, a purchasing agent for Frost, placed an order with Grant Corp. on Frost's behalf after Frost was declared incompetent. Both Long and Grant were unaware of Frost's incompetence.
Step 2: Recognize the legal principle that an agent's authority typically ends when the principal (in this case, Frost) becomes incompetent, unless there are specific provisions or types of agency that survive such changes.
Step 3: Consider the options provided. Option A suggests that Long's agency survived Frost's incompetence, which would generally not be the case unless there was a durable power of attorney or similar arrangement, which is not mentioned.
Step 4: Option B suggests the order was valid regardless of Frost's incompetence. This overlooks the fact that an agent's authority to act on behalf of a principal typically ceases if the principal is declared incompetent, affecting the validity of contracts entered into after such declaration.
Step 5: Option C suggests that Frost or Frost's legal representative would not be liable because Grant dealt only with Long. This option ignores the principle that an agent's actions within their authority bind the principal.
Step 6: Option D suggests that Long did not have authority to enter into the contract due to Frost's incompetence. This aligns with the general principle that an agent's authority ends when the principal is declared incompetent, unless there are specific arrangements to the contrary.
Step 7: Conclude that the most legally sound option, based on general principles of agency law, is that Frost or Frost's legal representative would not be liable because Long's authority to act on behalf of Frost likely ended with Frost's declaration of incompetence, making Option D the most appropriate choice.","Step 1: Understand the scenario. Long, a purchasing agent for Frost, placed an order with Grant Corp. on Frost's behalf after Frost was declared incompetent. Both Long and Grant were unaware of Frost's incompetence.
Step 2: Recognize the legal principle that an agent's authority typically ends when the principal (in this case, Frost) becomes incompetent, unless there are specific provisions or types of agency that survive such changes.
Step 3: Consider the options provided. Option A suggests that Long's agency survived Frost's incompetence, which would generally not be the case unless there was a durable power of attorney or similar arrangement, which is not mentioned.
Step 4: Option B suggests the order was valid regardless of Frost's incompetence. This overlooks the fact that an agent's authority to act on behalf of a principal typically ceases if the principal is declared incompetent, affecting the validity of contracts entered into after such declaration.
Step 5: Option C suggests that Frost or Frost's legal representative would not be liable because Grant dealt only with Long. This option ignores the principle that an agent's actions within their authority bind the principal.
Step 6: Option D suggests that Long did not have authority to enter into the contract due to Frost's incompetence. This aligns with the general principle that an agent's authority ends when the principal is declared incompetent, unless there are specific arrangements to the contrary.
Step 7: Conclude that the most legally sound option, based on general principles of agency law, is that Frost or Frost's legal representative would not be liable because Long's authority to act on behalf of Frost likely ended with Frost's declaration of incompetence, making Option D the most appropriate choice."
11,11,professional_accounting,"Under state law Boca Co. may reimburse the state directly for actual unemployment claims or it may pay 3% of eligible gross wages. Boca believes that actual unemployment claims will be 2% of eligible gross wages and has chosen to reimburse the state. Eligible gross wages are defined as the first $15000 of gross wages paid to each employee. Boca had four employees each of whom earned $20000 during the year. What amount should Boca report as accrued liability for unemployment claims in its year-end balance sheet? The options are: A) $1,200, B) $1,600, C) $1,800, D) 2400",a,a,a,"['NO', 'NO']","Step 1: Identify the total eligible gross wages for Boca Co. Since eligible gross wages are defined as the first $15,000 of gross wages paid to each employee and Boca had four employees each of whom earned $20,000 during the year, the total eligible gross wages would be $15,000 * 4 = $60,000.
Step 2: Calculate the amount Boca should report as accrued liability for unemployment claims. Boca believes that actual unemployment claims will be 2% of eligible gross wages. Therefore, the accrued liability for unemployment claims would be 2% of $60,000 = 0.02 * $60,000 = $1,200.","Step 1: Identify the total eligible gross wages for Boca Co. Since eligible gross wages are defined as the first $15,000 of gross wages paid to each employee and Boca had four employees each of whom earned $20,000 during the year, the total eligible gross wages would be $15,000 * 4 = $60,000.
Step 2: Calculate the amount Boca should report as accrued liability for unemployment claims. Boca believes that actual unemployment claims will be 2% of eligible gross wages. Therefore, the accrued liability for unemployment claims would be 2% of $60,000 = 0.02 * $60,000 = $1,200."
12,12,professional_accounting,"A bond issued on June 1, year 1, has interest payment dates of April 1 and October 1. Bond interest expense for the year ended December 31, year 1, is for a period of The options are: A) Three months., B) Four months., C) Six months., D) Seven months.",d,b,d,"['NO', 'NO', 'NO', 'NO']","Step 1: Identify the bond's interest payment dates, which are April 1 and October 1. This means interest is paid semi-annually.
Step 2: Determine the bond's issuance date, which is June 1, year 1.
Step 3: Since the bond was issued on June 1, and the next interest payment date after issuance is October 1, the first interest period for which the bond will accrue interest is from June 1 to October 1.
Step 4: Calculate the number of months from June 1 to October 1, which is 4 months (June, July, August, September).
Step 5: After the October 1 payment, the next interest accrual period is from October 1 to December 31 (the end of the year), which is 3 months (October, November, December).
Step 6: However, the interest for October, November, and December would be accounted for in the next year's interest expense since the interest payment on October 1 covers the period before October. Therefore, for the year ended December 31, year 1, we only consider the interest from June 1 to October 1.
Step 7: Conclude that the bond interest expense for the year ended December 31, year 1, is for a period of four months.","Step 1: Identify the bond's interest payment dates, which are April 1 and October 1. This means interest is paid semi-annually. To accurately calculate the bond interest expense for the year ended December 31, year 1, consider the issuance date of June 1, year 1, and the interest payment dates. The interest expense for year 1 would cover the period from the issuance date to the first interest payment date within the fiscal year, which is October 1, resulting in a period of interest expense calculation for four months. *<verified>*
Step 2: Realize that the initial thought process incorrectly concluded the period of interest expense calculation. The bond was issued on June 1, year 1, and the first interest payment date after issuance is October 1, year 1. This indeed covers a four-month period. However, for the full year's interest expense calculation, we must also consider the period from October 1 to December 31, year 1.
Step 3: Calculate the period from October 1 to December 31, which is an additional three months. Adding this to the initial four months from June 1 to October 1 gives a total of seven months.
Step 4: Therefore, the bond interest expense for the year ended December 31, year 1, is for a period of seven months, taking into account the time from the bond's issuance date to the end of the year."
13,13,professional_accounting,"A nongovernmental, not-for-profit organization held the following investments:
Investment Cost, Fair value (beginning of year), Fair value (end of year)
Stock A (100 shares), $50 per share, $45, $51
Stock B (200 shares), $40 per share, $41, $49
What amount of stock investments should be reported in the year-end statement of financial position? The options are: A) $12,700, B) $13,000, C) $13,800, D) $14,900",d,d,d,"['NO', 'NO', 'NO']","step 1: Calculate the year-end value of Stock A. To do this, multiply the number of shares by the fair value at the end of the year. For Stock A, this is 100 shares * $51 per share.
step 2: Calculate the year-end value of Stock B. Similarly, multiply the number of shares by the fair value at the end of the year. For Stock B, this is 200 shares * $49 per share.
step 3: Add the year-end values of Stock A and Stock B to find the total amount of stock investments to be reported in the year-end statement of financial position.
step 4: Perform the calculations: For Stock A, 100 shares * $51 = $5,100. For Stock B, 200 shares * $49 = $9,800.
step 5: Add the values obtained in step 4: $5,100 (Stock A) + $9,800 (Stock B) = $14,900.","Step 1: Calculate the year-end value of Stock A. To do this, multiply the number of shares by the fair value at the end of the year. For Stock A, this is 100 shares * $51 per share. *<verified>*
Step 2: Calculate the year-end value of Stock B. Similarly, multiply the number of shares by the fair value at the end of the year. For Stock B, this is 200 shares * $49 per share. *<verified>*
Step 3: Add the year-end values of Stock A and Stock B to find the total amount of stock investments to be reported in the year-end statement of financial position. For Stock A, the year-end value is 100 shares * $51 per share = $5,100. For Stock B, the year-end value is 200 shares * $49 per share = $9,800. Therefore, the total amount of stock investments is $5,100 + $9,800 = $14,900. *<verified>*"
14,14,professional_accounting,"A company last paid a dividend of $3. If the expected return on its equity is estimated at 12% and its shares are currently quoted on London Stock Exchange at $75, what should the dividend growth rate be to ensure that the price is consistent with the pricing of a growing perpetuity? The options are: A) 0%, B) 8%, C) 16%, D) -4%",b,b,b,"['NO', 'NO', 'NO', 'NO', 'YES']","step 1: Recall the formula for the price of a stock based on the dividend discount model for a growing perpetuity, which is P = D0 * (1 + g) / (r - g), where P is the price of the stock, D0 is the last dividend paid, g is the growth rate of the dividend, and r is the expected return on equity.
step 2: Substitute the given values into the formula: $75 = $3 * (1 + g) / (0.12 - g).
step 3: Simplify the equation to solve for g. First, multiply both sides by (0.12 - g) to get rid of the denominator: $75 * (0.12 - g) = $3 * (1 + g).
step 4: Expand both sides of the equation: $9 - $75g = $3 + $3g.
step 5: Bring all terms involving g to one side and constant terms to the other side: $9 - $3 = $75g + $3g.
step 6: Simplify both sides: $6 = $78g.
step 7: Solve for g by dividing both sides by $78: g = $6 / $78.
step 8: Calculate the value of g: g = 0.0769 or approximately 7.69%.
step 9: Since the options are in whole percentages, the closest option to our calculated growth rate is 8%.","Step 1: Recall the formula for the price of a stock based on the dividend discount model for a growing perpetuity, which is P = D0 * (1 + g) / (r - g), where P is the price of the stock, D0 is the last dividend paid, g is the growth rate of the dividend, and r is the expected return on equity. *<verified>*
Step 2: Substitute the given values into the formula: $75 = $3 * (1 + g) / (0.12 - g). *<verified>*
Step 3: Simplify the equation to solve for g. First, multiply both sides by (0.12 - g) to get rid of the denominator: $75 * (0.12 - g) = $3 * (1 + g). *<verified>*
Step 4: Expand both sides of the equation correctly: $9 - $75g = $3 + $3g. *<verified>*
Step 5: Combine like terms by moving all terms involving g to one side and constants to the other: $75g - $3g = $9 - $3. *<verified>*
Step 6: Simplify the equation further: $72g = $6.
Step 7: Solve for g by dividing both sides by $72: g = $6 / $72.
Step 8: Calculate the value of g: g = 0.0833 or 8.33%.
Step 9: Round g to the nearest option provided in the question. Since g is 8.33%, it rounds to 8%.
Step 10: Compare the calculated g with the options provided: A) 0%, B) 8%, C) 16%, D) -4%.
Step 11: Identify the correct option based on the calculated g value, which is 8%.
Step 12: Conclude that the correct option is B) 8%."
15,15,professional_accounting,"On January 1, a company enters into an operating lease for office space and receives control of the property to make leasehold improvements. The company begins alterations to the property on March 1 and the company’s staff moves into the property on May 1. The monthly rental payments begin on July 1. The recognition of rental expense for the new offices should begin in which of the following months? The options are: A) January., B) March., C) May., D) July.",a,c,c,"['NO', 'NO', 'NO', 'NO', 'NO']","Step 1: Understand the nature of the lease. The company enters into an operating lease, which means the lease payments are generally recognized as an expense on a straight-line basis over the lease term, starting when the lessee gains control or use of the leased asset.
Step 2: Determine when the company gains control or use of the property. The company receives control of the property on January 1 to make leasehold improvements, but the staff moves in on May 1, which is a more indicative date of when the company starts to substantially use the property for its intended purpose.
Step 3: Consider the start date of rental payments. Rental payments begin on July 1, but the start of payment does not necessarily dictate the start of expense recognition for an operating lease.
Step 4: Apply accounting principles. According to accounting standards, the expense recognition for an operating lease should begin when the lessee can derive benefit from the use of the leased asset, which in this case would be when the company's staff moves into the property and starts using it for its operations, which is May 1.
Step 5: Choose the correct option based on the analysis. The recognition of rental expense should begin in May, making option C the correct answer.","Step 1: Understand the nature of the lease. The company enters into an operating lease, which means the lease payments are generally recognized as an expense on a straight-line basis over the lease term, starting when the lessee gains control or use of the leased asset.
Step 2: Determine when the company gains control or use of the property. The company receives control of the property on January 1 to make leasehold improvements, but the staff moves in on May 1, which is a more indicative date of when the company starts to substantially use the property for its intended purpose.
Step 3: Consider the start date of rental payments. Rental payments begin on July 1, but the start of payment does not necessarily dictate the start of expense recognition for an operating lease.
Step 4: Apply accounting principles. According to accounting standards, the expense recognition for an operating lease should begin when the lessee can derive benefit from the use of the leased asset, which in this case would be when the company's staff moves into the property and starts using it for its operations, which is May 1.
Step 5: Choose the correct option based on the analysis. The recognition of rental expense should begin in May, making option C the correct answer."
16,16,professional_accounting,"A company invested in a new machine that will generate revenues of $35,000 annually for seven years. The company will have annual operating expenses of $7,000 on the new machine. Depreciation expense, included in the operating expenses, is $4,000 per year. The expected payback period for the new machine is 5.2 years. What amount did the company pay for the new machine? The options are: A) $145,600, B) $161,200, C) $166,400, D) $182,000",c,c,c,"['NO', 'NO', 'NO', 'NO', 'NO']","Step 1: Understand the concept of payback period. The payback period is the time it takes for an investment to generate an amount of income or cash equal to the cost of the investment. 
Step 2: Calculate the net annual cash inflow from the machine. This is done by subtracting the annual operating expenses from the annual revenues. Annual revenues are $35,000 and annual operating expenses are $7,000, so net annual cash inflow = $35,000 - $7,000 = $28,000. 
Step 3: Note that depreciation is a non-cash expense and has already been included in the operating expenses. However, for the purpose of calculating cash flows for the payback period, we need to add back the depreciation expense to the net annual cash inflow since it does not reduce the actual cash flow. So, adjusted net annual cash inflow = $28,000 + $4,000 = $32,000. 
Step 4: Use the payback period formula to find the initial investment. The formula is: Initial Investment = Net Annual Cash Inflow x Payback Period. Here, the payback period is 5.2 years, so Initial Investment = $32,000 x 5.2. 
Step 5: Calculate the initial investment by multiplying the adjusted net annual cash inflow by the payback period. Initial Investment = $32,000 x 5.2 = $166,400.","Step 1: Understand the concept of payback period. The payback period is the time it takes for an investment to generate an amount of income or cash equal to the cost of the investment. 
Step 2: Calculate the net annual cash inflow from the machine. This is done by subtracting the annual operating expenses from the annual revenues. Annual revenues are $35,000 and annual operating expenses are $7,000, so net annual cash inflow = $35,000 - $7,000 = $28,000. 
Step 3: Note that depreciation is a non-cash expense and has already been included in the operating expenses. However, for the purpose of calculating cash flows for the payback period, we need to add back the depreciation expense to the net annual cash inflow since it does not reduce the actual cash flow. So, adjusted net annual cash inflow = $28,000 + $4,000 = $32,000. 
Step 4: Use the payback period formula to find the initial investment. The formula is: Initial Investment = Net Annual Cash Inflow x Payback Period. Here, the payback period is 5.2 years, so Initial Investment = $32,000 x 5.2. 
Step 5: Calculate the initial investment by multiplying the adjusted net annual cash inflow by the payback period. Initial Investment = $32,000 x 5.2 = $166,400."
17,17,professional_accounting,"Which of the following items is not subject to the application of intraperiod income tax allocation? The options are: A) Discontinued operations, B) Income from continuing operations., C) Extraordinary gains and losses, D) Operating income.",d,d,d,"['NO', 'NO', 'NO', 'NO', 'NO', 'NO']","Step 1: Understand what intraperiod income tax allocation is. Intraperiod income tax allocation involves allocating income taxes within a single fiscal period among different components of net income and other comprehensive income. This is done to show the tax effect of each component separately, providing a clearer picture of a company's financial performance.
Step 2: Identify the components typically subject to intraperiod tax allocation. These components usually include items that are unusual or infrequent, such as discontinued operations and extraordinary items, because showing their tax effects separately helps users of financial statements understand their impact on the overall tax expense.
Step 3: Analyze each option in the context of intraperiod tax allocation. A) Discontinued operations are typically subject to intraperiod tax allocation because they are significant, infrequent, or unusual events. B) Income from continuing operations is the baseline for calculating income taxes but is not separately allocated for tax purposes within the period; rather, it's the aggregate income that tax is calculated on. C) Extraordinary gains and losses, under accounting standards that recognize them, would be subject to intraperiod tax allocation because they are unusual and infrequent. However, it's worth noting that many accounting standards, including U.S. GAAP, have moved away from categorizing items as extraordinary. D) Operating income is a component of income from continuing operations and does not get separately allocated for tax purposes within the period.
Step 4: Determine which option is not typically subject to intraperiod tax allocation. Based on the analysis, operating income (D) is part of income from continuing operations and does not get its own separate tax allocation within a period.","Step 1: Understand what intraperiod income tax allocation is. Intraperiod income tax allocation involves allocating income taxes within a single fiscal period among different components of net income and other comprehensive income. This is done to show the tax effect of each component separately, providing a clearer picture of a company's financial performance. *<verified>*
Step 2: Identify the component not typically subject to intraperiod tax allocation among the given options. The correct answer is D) Operating income, as intraperiod tax allocation primarily concerns items that are unusual or infrequent, not regular operating income. *<verified>*
Step 3: Confirm that discontinued operations, extraordinary gains and losses, and income from continuing operations are all significant components that can have unique tax effects and thus are typically subject to intraperiod tax allocation to accurately reflect their impact on a company's financial statements.
Step 4: Understand that operating income represents the earnings from a company's core business operations, excluding items like discontinued operations and extraordinary items, which are separately reported due to their distinct nature and the importance of showing their tax effects separately.
Step 5: Recall that the purpose of intraperiod tax allocation is to enhance the transparency and usefulness of financial statements by separately disclosing the tax effects of certain items, which does not usually apply to the regular and recurring nature of operating income.
Step 6: Conclude that since operating income is a regular part of business operations and does not fit the criteria of unusual or infrequent items that require separate tax effect disclosure, it is not subject to intraperiod income tax allocation."
18,18,professional_accounting,"Pine Co. purchased land for $450000 as a factory site. An existing building on the site was razed before construction began. Additional information is as follows: Cost of razing old building $60000 Title insurance and legal fees to purchase land $30000 Architect's fees $95000 New building construction cost $1850000 What amount should Pine capitalize as the cost of the completed factory building? The options are: A) $2,005,000, B) $1,975,000, C) $1,945,000, D) 1910000",c,a,a,"['NO', 'NO', 'NO', 'NO', 'NO']","step 1: Understand that the cost of the completed factory building includes the construction cost of the new building and any expenditures directly related to bringing the building to its intended use. This does not include the cost of the land or expenses related only to the acquisition of the land.
step 2: Identify the costs directly related to the construction of the new building. This includes the architect's fees ($95,000) and the new building construction cost ($1,850,000).
step 3: Determine if the cost of razing the old building ($60,000) should be included. Since the razing of the old building is necessary to prepare the site for the new building, this cost is directly related to the construction of the new building and should be included.
step 4: Calculate the total cost to be capitalized for the completed factory building by adding the costs identified in steps 2 and 3. This is $95,000 (architect's fees) + $1,850,000 (new building construction cost) + $60,000 (cost of razing old building).
step 5: Perform the calculation: $95,000 + $1,850,000 + $60,000 = $2,005,000.","step 1: Understand that the cost of the completed factory building includes the construction cost of the new building and any expenditures directly related to bringing the building to its intended use. This does not include the cost of the land or expenses related only to the acquisition of the land.
step 2: Identify the costs directly related to the construction of the new building. This includes the architect's fees ($95,000) and the new building construction cost ($1,850,000).
step 3: Determine if the cost of razing the old building ($60,000) should be included. Since the razing of the old building is necessary to prepare the site for the new building, this cost is directly related to the construction of the new building and should be included.
step 4: Calculate the total cost to be capitalized for the completed factory building by adding the costs identified in steps 2 and 3. This is $95,000 (architect's fees) + $1,850,000 (new building construction cost) + $60,000 (cost of razing old building).
step 5: Perform the calculation: $95,000 + $1,850,000 + $60,000 = $2,005,000."
19,19,professional_accounting,"A U.S. manufacturer has a production operation in Mexico. The product costs 116.50 pesos to produce and ship to Europe, where the product sells for 20 euros. If 0.1099 U.S. dollars are required to buy one Mexican peso, and 0.8928 U.S. dollars are required to buy one euro, what amount of U.S. dollars is the profit on the sale? The options are: A) $5.06, B) $6.11, C) $7.20, D) $9.60",a,a,a,"['NO', 'NO', 'NO', 'NO', 'NO']","step 1: Calculate the cost in U.S. dollars. To do this, multiply the cost in pesos (116.50) by the exchange rate from pesos to U.S. dollars (0.1099).
step 2: Calculate the revenue in U.S. dollars. To do this, multiply the selling price in euros (20) by the exchange rate from euros to U.S. dollars (0.8928).
step 3: Calculate the profit by subtracting the cost in U.S. dollars (from step 1) from the revenue in U.S. dollars (from step 2).
step 4: Perform the calculations for each step.
step 1 calculation: 116.50 pesos * 0.1099 USD/peso = 12.79995 USD.
step 2 calculation: 20 euros * 0.8928 USD/euro = 17.856 USD.
step 3 calculation: 17.856 USD - 12.79995 USD = 5.05605 USD.
step 5: Round the final profit to the nearest cent, if necessary.","step 1: Calculate the cost in U.S. dollars. To do this, multiply the cost in pesos (116.50) by the exchange rate from pesos to U.S. dollars (0.1099).
step 2: Calculate the revenue in U.S. dollars. To do this, multiply the selling price in euros (20) by the exchange rate from euros to U.S. dollars (0.8928).
step 3: Calculate the profit by subtracting the cost in U.S. dollars (from step 1) from the revenue in U.S. dollars (from step 2).
step 4: Perform the calculations for each step.
step 1 calculation: 116.50 pesos * 0.1099 USD/peso = 12.79995 USD.
step 2 calculation: 20 euros * 0.8928 USD/euro = 17.856 USD.
step 3 calculation: 17.856 USD - 12.79995 USD = 5.05605 USD.
step 5: Round the final profit to the nearest cent, if necessary."
20,20,professional_accounting,"The standard deviations of Stocks A and B are respectively 6% and 18%. If their correlation is 0.2 and an equal weighted portfolio is formed, what is the standard deviation of such a portfolio? The options are: A) 10%, B) 5%, C) 3.40%, D) 9.70%",a,a,a,"['NO', 'NO', 'NO', 'NO', 'NO', 'NO', 'NO', 'NO', 'NO']","step 1: Understand that the standard deviation of a portfolio, especially one with two assets, can be calculated using the formula: 
σp = √[w1^2 * σ1^2 + w2^2 * σ2^2 + 2 * w1 * w2 * Cov(1,2)], where σp is the portfolio standard deviation, w1 and w2 are the weights of the two assets in the portfolio, σ1 and σ2 are the standard deviations of the two assets, and Cov(1,2) is the covariance between the two assets.
step 2: Given that the portfolio is equally weighted, w1 = w2 = 0.5.
step 3: The standard deviations of Stocks A and B are given as 6% (or 0.06) and 18% (or 0.18) respectively.
step 4: The correlation coefficient between Stocks A and B is given as 0.2. The covariance between two assets can be calculated using the formula: Cov(1,2) = Corr(1,2) * σ1 * σ2, where Corr(1,2) is the correlation coefficient between the two assets.
step 5: Calculate the covariance between Stocks A and B: Cov(1,2) = 0.2 * 0.06 * 0.18.
step 6: Substitute the values into the portfolio standard deviation formula: σp = √[0.5^2 * 0.06^2 + 0.5^2 * 0.18^2 + 2 * 0.5 * 0.5 * (0.2 * 0.06 * 0.18)].
step 7: Calculate the values inside the square root: 0.5^2 * 0.06^2 = 0.0009, 0.5^2 * 0.18^2 = 0.0081, and 2 * 0.5 * 0.5 * (0.2 * 0.06 * 0.18) = 0.00108.
step 8: Add these values together: 0.0009 + 0.0081 + 0.00108 = 0.01008.
step 9: Take the square root of the sum to find the portfolio standard deviation: √0.01008 = 0.1004 or 10.04%.","step 1: Understand that the standard deviation of a portfolio, especially one with two assets, can be calculated using the formula: 
σp = √[w1^2 * σ1^2 + w2^2 * σ2^2 + 2 * w1 * w2 * Cov(1,2)], where σp is the portfolio standard deviation, w1 and w2 are the weights of the two assets in the portfolio, σ1 and σ2 are the standard deviations of the two assets, and Cov(1,2) is the covariance between the two assets.
step 2: Given that the portfolio is equally weighted, w1 = w2 = 0.5.
step 3: The standard deviations of Stocks A and B are given as 6% (or 0.06) and 18% (or 0.18) respectively.
step 4: The correlation coefficient between Stocks A and B is given as 0.2. The covariance between two assets can be calculated using the formula: Cov(1,2) = Corr(1,2) * σ1 * σ2, where Corr(1,2) is the correlation coefficient between the two assets.
step 5: Calculate the covariance between Stocks A and B: Cov(1,2) = 0.2 * 0.06 * 0.18.
step 6: Substitute the values into the portfolio standard deviation formula: σp = √[0.5^2 * 0.06^2 + 0.5^2 * 0.18^2 + 2 * 0.5 * 0.5 * (0.2 * 0.06 * 0.18)].
step 7: Calculate the values inside the square root: 0.5^2 * 0.06^2 = 0.0009, 0.5^2 * 0.18^2 = 0.0081, and 2 * 0.5 * 0.5 * (0.2 * 0.06 * 0.18) = 0.00108.
step 8: Add these values together: 0.0009 + 0.0081 + 0.00108 = 0.01008.
step 9: Take the square root of the sum to find the portfolio standard deviation: √0.01008 = 0.1004 or 10.04%."
21,21,professional_accounting,"A company exchanged land with an appraised value of $50,000 and an original cost of $20,000 for machinery with a fair value of $55,000. Assuming that the transaction has commercial substance, what is the gain on the exchange? The options are: A) $0, B) $5,000, C) $30,000, D) $35,000",c,d,b,"['NO', 'NO', 'NO', 'NO']","step 1: Identify the original cost of the land, which is $20,000.
step 2: Identify the appraised value of the land, which is $50,000. However, this value is not directly relevant for calculating the gain on the exchange since the transaction has commercial substance.
step 3: Identify the fair value of the machinery received, which is $55,000.
step 4: Since the transaction has commercial substance, the gain is calculated based on the difference between the fair value of the asset received (machinery) and the book value (original cost) of the asset given up (land).
step 5: Calculate the book value of the land given up, which is its original cost, $20,000.
step 6: Calculate the gain on the exchange by subtracting the book value of the land given up from the fair value of the machinery received: $55,000 (fair value of machinery) - $20,000 (book value of land) = $35,000.
step 7: Identify the correct option based on the calculated gain.","Step 1: Calculate the book value of the land given up, which is its original cost of $20,000. Then, identify the fair value of the machinery received, which is $55,000. The gain on the exchange is calculated as the difference between the fair value of the machinery received ($55,000) and the book value of the land given up ($20,000). *<verified>*
Step 2: The correct calculation should consider the appraised value of the land given up, which is $50,000, as the basis for determining the gain on the exchange. Therefore, the gain is calculated as the difference between the fair value of the machinery received ($55,000) and the appraised value of the land given up ($50,000), which is $5,000. *<verified>*
Step 3: Since the transaction has commercial substance, the gain or loss is recognized immediately. The commercial substance means that the future cash flows of the company will change as a result of the transaction. Therefore, the gain calculated based on the difference between the fair value of the asset received and the book value (or appraised value in this case) of the asset given up is recognized in the financial statements.
Step 4: The gain recognized should be $5,000, as calculated in Step 2, because it reflects the increase in economic benefits to the company as a result of exchanging the land for machinery. This gain is the difference between the fair value of the machinery received and the appraised value of the land given up."
22,22,professional_accounting,"The sole shareholder of an S corporation contributed equipment with a fair market value of $20,000 and a basis of $6,000 subject to $12,000 liability. What amount is the gain, if any, that the shareholder must recognize The options are: A) $0, B) $6,000, C) $8,000, D) $12,000",b,b,b,"['NO', 'NO', 'NO', 'NO']","Step 1: Understand the scenario. A shareholder contributes equipment to an S corporation. The equipment has a fair market value of $20,000, a basis of $6,000, and is subject to a $12,000 liability.
Step 2: Recognize the rule for gain recognition. Generally, no gain or loss is recognized on the transfer of property to a corporation in exchange for its stock, as long as the transferor controls the corporation immediately after the exchange. However, if the property is subject to a liability that the corporation assumes, the transferor must recognize gain to the extent that the liability exceeds the basis of the transferred property.
Step 3: Calculate the difference between the liability and the basis of the equipment. The liability is $12,000, and the basis is $6,000. The difference is $12,000 - $6,000 = $6,000.
Step 4: Determine the amount of gain to be recognized. Since the liability ($12,000) exceeds the basis of the equipment ($6,000) by $6,000, this amount represents the gain that must be recognized by the shareholder.","Step 1: Understand the scenario. A shareholder contributes equipment to an S corporation. The equipment has a fair market value of $20,000, a basis of $6,000, and is subject to a $12,000 liability.
Step 2: Recognize the rule for gain recognition. Generally, no gain or loss is recognized on the transfer of property to a corporation in exchange for its stock, as long as the transferor controls the corporation immediately after the exchange. However, if the property is subject to a liability that the corporation assumes, the transferor must recognize gain to the extent that the liability exceeds the basis of the transferred property.
Step 3: Calculate the difference between the liability and the basis of the equipment. The liability is $12,000, and the basis is $6,000. The difference is $12,000 - $6,000 = $6,000.
Step 4: Determine the amount of gain to be recognized. Since the liability ($12,000) exceeds the basis of the equipment ($6,000) by $6,000, this amount represents the gain that must be recognized by the shareholder."
23,23,professional_accounting,"A company’s new time clock process requires hourly employees to select an identification number and then choose the clock-in or clock-out button. A video camera captures an image of the employee using the system. Which of the following exposures can the new system be expected to change the least? The options are: A) Fraudulent reporting of employees’ own hours., B) Errors in employees’ overtime computation, C) Inaccurate accounting of employees’ hours., D) Recording of other employees’ hours.",b,b,d,"['NO', 'NO', 'NO', 'NO', 'NO', 'NO']","Step 1: Understand the new system involves an identification number selection and a clock-in or clock-out button, with a video camera capturing the process.
Step 2: Analyze how the new system could impact fraudulent reporting of employees' own hours. The identification number and video capture make it harder for employees to falsely report their hours, as there is a direct link to their identity and visual evidence of their actions.
Step 3: Consider the impact on errors in employees' overtime computation. The new system, by accurately recording clock-in and clock-out times, could potentially reduce manual calculation errors, assuming the system automatically calculates overtime based on these accurate in/out times.
Step 4: Evaluate the effect on inaccurate accounting of employees' hours. The system's design directly addresses this issue by ensuring that clock-in and clock-out times are accurately recorded, reducing the likelihood of inaccuracies.
Step 5: Assess the impact on recording of other employees' hours. The identification number and video evidence make it difficult for one employee to clock in or out for another, thus reducing the possibility of this type of fraud.
Step 6: Determine which of the listed exposures the new system changes the least. Given the direct impact on fraudulent reporting, inaccurate accounting, and recording of other employees' hours, the system's least impact would likely be on errors in employees' overtime computation, as this is more about the calculation process rather than the accuracy of the clock-in and clock-out data itself.","Step 1: Understand the new system involves an identification number selection and a clock-in or clock-out button, with a video camera capturing the process. The next step should evaluate how this system impacts the exposures listed in the options: A) Fraudulent reporting of employees' own hours, B) Errors in employees' overtime computation, C) Inaccurate accounting of employees' hours, D) Recording of other employees' hours, to determine which exposure is expected to change the least. *<verified>*
Step 2: Analyze how the new system could reduce fraudulent reporting of employees' own hours. The use of identification numbers and video evidence makes it harder for employees to falsely report their hours, as there is a direct link to their identity and physical proof of their actions. *<verified>*
Step 3: Consider the impact on errors in employees' overtime computation. The system's digital nature and the potential for integration with payroll systems could reduce manual calculation errors, making overtime computation more accurate. *<verified>*
Step 4: Evaluate the effect on inaccurate accounting of employees' hours. The combination of identification numbers, clock-in/out buttons, and video capture provides a robust mechanism for accurately recording the time employees spend working, reducing inaccuracies. *<verified>*
Step 5: Assess the potential change in recording of other employees' hours. While the system makes it difficult for employees to fraudulently report their own hours, it might not significantly impact the ability of employees to clock in or out for others if they have access to their identification numbers and are not closely monitored by the video camera. *<verified>*
Step 6: Conclude that the new system will likely have the least impact on the recording of other employees' hours (Option D), as it still might be possible under certain circumstances for employees to misuse identification numbers in collusion with others, despite the video surveillance."
24,24,professional_accounting,"Gamma Co. a manufacturer of medical products had a 10% return on assets and an asset turnover of 4:1. What was Gamma's profit margin on sales? The options are: A) 40.00%, B) 10.00%, C) 4.00%, D) 0.025",d,d,d,"['NO', 'NO', 'NO', 'NO', 'NO', 'NO', 'NO', 'NO']","step 1: Understand the given information. Gamma Co. has a 10% return on assets (ROA) and an asset turnover of 4:1.
step 2: Recall the formula for Return on Assets (ROA), which is ROA = Net Income / Total Assets.
step 3: Recall the formula for Asset Turnover, which is Sales / Total Assets.
step 4: Understand that the profit margin on sales is calculated as Net Income / Sales.
step 5: Realize that we can express ROA in terms of profit margin and asset turnover by combining the formulas from steps 2 and 3. This gives us ROA = (Net Income / Sales) * (Sales / Total Assets), simplifying to ROA = Profit Margin * Asset Turnover.
step 6: Substitute the given values into the formula from step 5. We have ROA = 10% and Asset Turnover = 4. Therefore, 0.10 = Profit Margin * 4.
step 7: Solve the equation from step 6 for Profit Margin. This gives us Profit Margin = 0.10 / 4 = 0.025 or 2.5%.
step 8: Realize there's a mistake in the interpretation of the final answer. The correct interpretation should be that the profit margin is 2.5%, but this option is not provided directly. The closest match in the options is D) 0.025, which seems to be a misinterpretation of 2.5% as 0.025%. The correct representation of 2.5% in decimal form is indeed 0.025, but the percentage form should have been used in the options.","step 1: Understand the given information. Gamma Co. has a 10% return on assets (ROA) and an asset turnover of 4:1. *<verified>*
step 2: Recall the formula for Return on Assets (ROA), which is ROA = Net Income / Total Assets. *<verified>*
step 3: Recall the formula for Asset Turnover, which is Sales / Total Assets. *<verified>*
step 4: Understand that the profit margin on sales is calculated as Net Income / Sales. *<verified>*
step 5: Realize that we can express ROA in terms of profit margin and asset turnover by combining the formulas from steps 2 and 3. This gives us ROA = (Net Income / Sales) * (Sales / Total Assets), simplifying to ROA = Profit Margin * Asset Turnover. *<verified>*
step 6: Substitute the given values into the formula from step 5. We have ROA = 10% and Asset Turnover = 4. Therefore, 0.10 = Profit Margin * 4. *<verified>*
step 7: Solve the equation from step 6 for Profit Margin. This gives us Profit Margin = 0.10 / 4 = 0.025 or 2.5%. *<verified>*
Step 8: Realize that the profit margin is 2.5%, which is correctly represented as 0.025 in decimal form. The options provided are consistent with standard representations of percentages in decimal form, making option D) 0.025 the correct answer. *<verified>*"
25,25,professional_accounting,"Long was a purchasing agent for Frost, a sole proprietor. Long had express authority to place purchase orders with Frost's suppliers. Long conducted business on the Internet and had little contact with Frost. After Frost was declared incompetent in a judicial proceeding, Long placed an order with Grant Corp. on Frost's behalf. Both Long and Grant were unaware of Frost's incompetence. Will Frost or Frost's legal representative be liable to Grant? The options are: A) Yes, because Long's agency survived Frost's incompetence., B) Yes, because the order was valid regardless of Frost's incompetence., C) No, because Grant dealt only with Long., D) No, because Long did not have authority to enter into the contract.",d,a,a,"['NO', 'NO', 'NO', 'NO', 'NO', 'NO', 'NO']","Step 1: Understand the scenario. Long, a purchasing agent for Frost, placed an order with Grant Corp. on Frost's behalf after Frost was declared incompetent. Both Long and Grant were unaware of Frost's incompetence.
Step 2: Recognize that the principal-agent relationship is affected by the principal's (Frost's) capacity to contract. Generally, the principal's incompetence would terminate the agent's (Long's) authority to act on the principal's behalf.
Step 3: Consider the effect of Frost's incompetence on Long's express authority. Normally, express authority ends when the principal can no longer legally enter into contracts, which happens when the principal is declared incompetent.
Step 4: Evaluate the knowledge of the parties involved. Neither Long nor Grant knew of Frost's incompetence at the time of the contract. This lack of knowledge is crucial in determining the validity of the contract under agency principles.
Step 5: Apply the principle of apparent authority and estoppel. Even though Frost's incompetence would typically terminate Long's authority, the fact that this incompetence was not known to Long or Grant could mean that Long still had apparent authority to act on Frost's behalf.
Step 6: Determine the liability of Frost or Frost's legal representative based on the principles of agency law. Given that the incompetence was not known to either party at the time of the contract, and Long had express authority prior to the incompetence, the contract might still bind Frost or Frost's legal representative.
Step 7: Choose the best option based on the analysis. Option A suggests that Long's agency survived Frost's incompetence, which aligns with the principle that the contract could still be valid due to the lack of knowledge of Frost's incompetence by both parties involved.","Step 1: Understand the scenario. Long, a purchasing agent for Frost, placed an order with Grant Corp. on Frost's behalf after Frost was declared incompetent. Both Long and Grant were unaware of Frost's incompetence.
Step 2: Recognize that the principal-agent relationship is affected by the principal's (Frost's) capacity to contract. Generally, the principal's incompetence would terminate the agent's (Long's) authority to act on the principal's behalf.
Step 3: Consider the effect of Frost's incompetence on Long's express authority. Normally, express authority ends when the principal can no longer legally enter into contracts, which happens when the principal is declared incompetent.
Step 4: Evaluate the knowledge of the parties involved. Neither Long nor Grant knew of Frost's incompetence at the time of the contract. This lack of knowledge is crucial in determining the validity of the contract under agency principles.
Step 5: Apply the principle of apparent authority and estoppel. Even though Frost's incompetence would typically terminate Long's authority, the fact that this incompetence was not known to Long or Grant could mean that Long still had apparent authority to act on Frost's behalf.
Step 6: Determine the liability of Frost or Frost's legal representative based on the principles of agency law. Given that the incompetence was not known to either party at the time of the contract, and Long had express authority prior to the incompetence, the contract might still bind Frost or Frost's legal representative.
Step 7: Choose the best option based on the analysis. Option A suggests that Long's agency survived Frost's incompetence, which aligns with the principle that the contract could still be valid due to the lack of knowledge of Frost's incompetence by both parties involved."
26,26,elementary_mathematics,"The distance between Miriam’s house and Debbie’s house is 444.44 meters. Which statement about the values of the digits in the distance, in meters, between their houses is true? The options are: A) The value of the 4 in the tenths place is 1/10 the value of the 4 in the tens place., B) The value of the 4 in the hundredths place is 1/10 the value of the 4 in the ones place., C) The value of the 4 in the hundreds place is 10 times greater than the value of the 4 in the ones place., D) The value of the 4 in the tenths place is 10 times greater than the value of the 4 in the hundredths place.",d,d,d,"['NO', 'NO', 'NO', 'NO', 'NO', 'NO', 'NO']","step 1: Understand the number 444.44 and its place values. The number is broken down as follows: 400 + 40 + 4 + 0.4 + 0.04.
step 2: Analyze option A: The 4 in the tenths place (0.4) is compared to the 4 in the tens place (40). The value of the 4 in the tenths place is indeed 1/10 the value of the 4 in the tens place, because 40 (tens place) divided by 10 equals 4 (tenths place).
step 3: Analyze option B: The 4 in the hundredths place (0.04) is compared to the 4 in the ones place (4). The value of the 4 in the hundredths place is indeed 1/100 the value of the 4 in the ones place, not 1/10 as stated. Therefore, option B is incorrect.
step 4: Analyze option C: The 4 in the hundreds place (400) is compared to the 4 in the ones place (4). The value of the 4 in the hundreds place is indeed 100 times greater than the value of the 4 in the ones place, not 10 times as stated. Therefore, option C is incorrect.
step 5: Analyze option D: The 4 in the tenths place (0.4) is compared to the 4 in the hundredths place (0.04). The value of the 4 in the tenths place is indeed 10 times greater than the value of the 4 in the hundredths place. Therefore, option D is correct.","step 1: Understand the number 444.44 and its place values. The number is broken down as follows: 400 + 40 + 4 + 0.4 + 0.04. *<verified>*
step 2: Analyze option A: The 4 in the tenths place (0.4) is compared to the 4 in the tens place (40). The value of the 4 in the tenths place is indeed 1/10 the value of the 4 in the tens place, because 40 (tens place) divided by 10 equals 4 (tenths place). *<verified>*
Step 3: Analyze option B: The 4 in the hundredths place (0.04) is compared to the 4 in the ones place (4). The value of the 4 in the hundredths place is indeed 1/100 the value of the 4 in the ones place. Since option B incorrectly states that it is 1/10 the value, option B is incorrect. *<verified>*
Step 4: Analyze option C: The 4 in the hundreds place (400) is compared to the 4 in the ones place (4). The value of the 4 in the hundreds place is indeed 100 times greater than the value of the 4 in the ones place, not 10 times as stated. Therefore, option C is incorrect.
Step 5: Analyze option D: The 4 in the tenths place (0.4) is compared to the 4 in the hundredths place (0.04). The value of the 4 in the tenths place is indeed 10 times greater than the value of the 4 in the hundredths place, because 0.4 divided by 0.04 equals 10. Therefore, option D is correct.
Step 6: Conclude that option A is also correct based on the analysis in step 2. However, since the question seems to imply there is a single correct answer, we must identify the most accurate statement.
Step 7: Upon reviewing all options and the analysis provided, option D is the most directly accurate statement regarding the relationship between the place values of the digits in the number 444.44."
27,27,elementary_mathematics,"Last weekend Sanjay watched 3 television shows that were each 30 minutes long. He also watched 1 movie on television that was 90 minutes long. What is the total number of minutes Sanjay watched television last weekend? The options are: A) 100, B) 120, C) 150, D) 180",d,d,d,"['NO', 'NO']","step 1: Calculate the total minutes spent watching television shows. Since each show is 30 minutes long and Sanjay watched 3 shows, the total time spent on shows is 3 shows * 30 minutes/show = 90 minutes.
step 2: Add the time spent watching the movie. The movie was 90 minutes long.
step 3: Add the total time spent watching shows (from step 1) to the time spent watching the movie (from step 2). So, 90 minutes (shows) + 90 minutes (movie) = 180 minutes.","Step 1: Calculate the total minutes spent watching television shows. Since each show is 30 minutes long and Sanjay watched 3 shows, the total time spent on shows is 3 shows * 30 minutes/show = 90 minutes. *<verified>*
Step 2: Add the time spent watching the movie to the total time spent on shows. Since the movie was 90 minutes long and the total time spent on shows is 90 minutes, the total time spent watching television is 90 minutes + 90 minutes = 180 minutes. *<verified>*"
